
\restrict YJK1OmwUhEYaOpdjv0n7bcNn22EdlEW5Nfur0W43Mj7xo3E4Sfufxx0QoSvsDB1


SET statement_timeout = 0;
SET lock_timeout = 0;
SET idle_in_transaction_session_timeout = 0;
SET transaction_timeout = 0;
SET client_encoding = 'UTF8';
SET standard_conforming_strings = on;
SELECT pg_catalog.set_config('search_path', '', false);
SET check_function_bodies = false;
SET xmloption = content;
SET client_min_messages = warning;
SET row_security = off;


SET SESSION AUTHORIZATION DEFAULT;

ALTER TABLE public.admins DISABLE TRIGGER ALL;



ALTER TABLE public.admins ENABLE TRIGGER ALL;


ALTER TABLE public.categories DISABLE TRIGGER ALL;

INSERT INTO public.categories (id, name, slug, sort_idx) VALUES ('019c4e58-1829-7db8-8bfd-119380a74724', 'Politics', 'politics', 10);
INSERT INTO public.categories (id, name, slug, sort_idx) VALUES ('019c4e58-182e-7078-a7f6-e98f0cd83bbd', 'Economics', 'economics', 20);
INSERT INTO public.categories (id, name, slug, sort_idx) VALUES ('019c4e58-182e-73e1-b8ba-bde8922c372d', 'Sports', 'sports', 30);
INSERT INTO public.categories (id, name, slug, sort_idx) VALUES ('019c4e58-182e-7407-bdc7-9afa78f36269', 'Other', 'other', 90);


ALTER TABLE public.categories ENABLE TRIGGER ALL;


ALTER TABLE public.users DISABLE TRIGGER ALL;

INSERT INTO public.users (id, email, nickname, password_hash, locked_at, failed_login_attempts, created_at, updated_at) VALUES ('019c4e6c-9462-72e8-bcd9-ff925a4f0797', 'alvydas.vitkauskas@gmail.com', 'alvydas.vitkauskas', 'sha256|17|wkJgwTZBSoutZ2iCXqluhA==|Gk3EJG2UFqKDVT1YekAKA0f3oFSljeL54F81azxiNfI=', NULL, 0, '2026-02-11 20:37:44.361574+00', '2026-02-11 20:37:44.361574+00');
INSERT INTO public.users (id, email, nickname, password_hash, locked_at, failed_login_attempts, created_at, updated_at) VALUES ('019c4e71-94a1-720c-b624-34f59cb746ff', 'alvydas@vitkauskas.lt', 'alvydas', 'sha256|17|FjjJkBsHzt+0EpxJ+4MoaA==|I6U+rj+mzt70Gb7i8+uFtN0rTUKDltJRADTzWWqofJw=', NULL, 0, '2026-02-11 20:43:10.573826+00', '2026-02-16 23:41:19.054113+00');


ALTER TABLE public.users ENABLE TRIGGER ALL;


ALTER TABLE public.markets DISABLE TRIGGER ALL;

INSERT INTO public.markets (id, user_id, title, slug, description, category_id, beta, status, opened_at, closed_at, resolved_at, refunded_at, created_at, updated_at, trades, volume, turnover, outcome_asset_id) VALUES ('019c53f7-9239-754a-aefe-69da1ae45cdd', '019c4e6c-9462-72e8-bcd9-ff925a4f0797', 'This is a market with very long title that has to scroll', 'market-one', 'One', '019c4e58-1829-7db8-8bfd-119380a74724', 300, 'market_status_refunded', '2026-02-12 22:27:41.53407+00', '2026-02-26 00:00:00+00', NULL, '2026-02-14 12:44:17.464764+00', '2026-02-12 22:27:39.686449+00', '2026-02-14 12:53:48.342265+00', 39, 1130, 57670, NULL);
INSERT INTO public.markets (id, user_id, title, slug, description, category_id, beta, status, opened_at, closed_at, resolved_at, refunded_at, created_at, updated_at, trades, volume, turnover, outcome_asset_id) VALUES ('019c5d5d-4398-7868-874b-a6c16dc022cd', '019c4e71-94a1-720c-b624-34f59cb746ff', 'Test 1', 'test-1', 'test 1', '019c4e58-1829-7db8-8bfd-119380a74724', 300, 'market_status_resolved', '2026-02-14 18:15:21.569814+00', '2026-02-28 00:00:00+00', '2026-02-16 17:44:24.500152+00', NULL, '2026-02-14 18:15:19.173346+00', '2026-02-16 17:44:24.500221+00', 20, 1060, 56402, '019c5d5d-439f-704b-b14b-749f92ebaa37');
INSERT INTO public.markets (id, user_id, title, slug, description, category_id, beta, status, opened_at, closed_at, resolved_at, refunded_at, created_at, updated_at, trades, volume, turnover, outcome_asset_id) VALUES ('019c5d92-952a-79a6-a7a6-14c5594d3ad4', '019c4e71-94a1-720c-b624-34f59cb746ff', 'Test 2', 'test-2', 'test 2', '019c4e58-1829-7db8-8bfd-119380a74724', 300, 'market_status_closed', '2026-02-14 19:13:35.562772+00', '2026-02-28 00:00:00+00', NULL, NULL, '2026-02-14 19:13:33.470197+00', '2026-02-16 19:45:54.077827+00', 16, 1210, 63862, NULL);
INSERT INTO public.markets (id, user_id, title, slug, description, category_id, beta, status, opened_at, closed_at, resolved_at, refunded_at, created_at, updated_at, trades, volume, turnover, outcome_asset_id) VALUES ('019c5408-4bef-7942-ba40-d76cb6c86159', '019c4e71-94a1-720c-b624-34f59cb746ff', 'This is a market with very long title that really trully has to scroll', 'market-two', 'Two', '019c4e58-182e-73e1-b8ba-bde8922c372d', 300, 'market_status_closed', '2026-02-12 22:45:57.898633+00', '2026-02-26 00:00:00+00', NULL, NULL, '2026-02-12 22:45:55.814463+00', '2026-02-16 21:21:27.845654+00', 31, 1120, 50479, NULL);
INSERT INTO public.markets (id, user_id, title, slug, description, category_id, beta, status, opened_at, closed_at, resolved_at, refunded_at, created_at, updated_at, trades, volume, turnover, outcome_asset_id) VALUES ('019c685b-e8f7-7e34-9de3-1974761e36b2', '019c4e6c-9462-72e8-bcd9-ff925a4f0797', 'Will something good soon happen?', 'will-something-good-soon-happen', 'Happy day.', '019c4e58-182e-7407-bdc7-9afa78f36269', 300, 'market_status_open', '2026-02-16 21:29:53.853076+00', '2026-03-02 00:00:00+00', NULL, NULL, '2026-02-16 21:29:39.811684+00', '2026-02-16 21:31:32.578663+00', 3, 40, 2058, NULL);
INSERT INTO public.markets (id, user_id, title, slug, description, category_id, beta, status, opened_at, closed_at, resolved_at, refunded_at, created_at, updated_at, trades, volume, turnover, outcome_asset_id) VALUES ('019c5412-0550-7279-a713-85b5db025102', '019c4e6c-9462-72e8-bcd9-ff925a4f0797', 'Market Three', 'market-three', 'Three', '019c4e58-182e-7407-bdc7-9afa78f36269', 300, 'market_status_resolved', '2026-02-12 22:56:35.032468+00', '2026-02-26 00:00:00+00', '2026-02-14 12:34:07.994328+00', NULL, '2026-02-12 22:56:33.096124+00', '2026-02-14 12:34:07.994402+00', 36, 1040, 52059, NULL);
INSERT INTO public.markets (id, user_id, title, slug, description, category_id, beta, status, opened_at, closed_at, resolved_at, refunded_at, created_at, updated_at, trades, volume, turnover, outcome_asset_id) VALUES ('019c6860-1b39-7716-9b6d-3a2471b4edee', '019c4e6c-9462-72e8-bcd9-ff925a4f0797', 'Who will win the championship?', 'who-will-win-the-championship', 'Any', '019c4e58-182e-73e1-b8ba-bde8922c372d', 300, 'market_status_open', '2026-02-16 21:34:18.182508+00', '2026-03-02 00:00:00+00', NULL, NULL, '2026-02-16 21:34:14.826195+00', '2026-02-16 23:54:45.974387+00', 4, 220, 5995, NULL);


ALTER TABLE public.markets ENABLE TRIGGER ALL;


ALTER TABLE public.assets DISABLE TRIGGER ALL;

INSERT INTO public.assets (id, market_id, name, symbol, quantity, updated_at) VALUES ('019c5d5d-43a1-742e-8818-b3928a76591c', '019c5d5d-4398-7868-874b-a6c16dc022cd', 'No', 'No', 0, '2026-02-14 19:02:25.703407+00');
INSERT INTO public.assets (id, market_id, name, symbol, quantity, updated_at) VALUES ('019c5d92-9534-794c-b758-64f7f3958584', '019c5d92-952a-79a6-a7a6-14c5594d3ad4', 'Yes', 'Yes', 0, '2026-02-14 22:41:49.25822+00');
INSERT INTO public.assets (id, market_id, name, symbol, quantity, updated_at) VALUES ('019c5408-4bf3-76a7-b574-2ff922f61409', '019c5408-4bef-7942-ba40-d76cb6c86159', 'No', 'No', -30, '2026-02-14 12:07:55.35242+00');
INSERT INTO public.assets (id, market_id, name, symbol, quantity, updated_at) VALUES ('019c5d92-9535-7c7c-8051-cd49904d3e26', '019c5d92-952a-79a6-a7a6-14c5594d3ad4', 'No', 'No', 10, '2026-02-16 19:45:54.077827+00');
INSERT INTO public.assets (id, market_id, name, symbol, quantity, updated_at) VALUES ('019c5408-4bf2-7db1-952a-d046f4f93b63', '019c5408-4bef-7942-ba40-d76cb6c86159', 'Yes', 'Yes', -30, '2026-02-16 20:01:30.087007+00');
INSERT INTO public.assets (id, market_id, name, symbol, quantity, updated_at) VALUES ('019c685b-e901-7086-a957-545c3016dc89', '019c685b-e8f7-7e34-9de3-1974761e36b2', 'No', 'No', 0, '2026-02-16 21:29:50.698675+00');
INSERT INTO public.assets (id, market_id, name, symbol, quantity, updated_at) VALUES ('019c5412-0554-76b8-95f2-e067df60f40d', '019c5412-0550-7279-a713-85b5db025102', 'No', 'No', 0, '2026-02-12 23:03:10.463154+00');
INSERT INTO public.assets (id, market_id, name, symbol, quantity, updated_at) VALUES ('019c685b-e8fd-7034-8f82-05e27c6433f6', '019c685b-e8f7-7e34-9de3-1974761e36b2', 'Yes', 'Yes', 20, '2026-02-16 21:31:32.578663+00');
INSERT INTO public.assets (id, market_id, name, symbol, quantity, updated_at) VALUES ('019c5412-0553-7ad5-8bdb-e4f41d757fb6', '019c5412-0550-7279-a713-85b5db025102', 'Yes', 'Yes', 200, '2026-02-14 12:08:38.227462+00');
INSERT INTO public.assets (id, market_id, name, symbol, quantity, updated_at) VALUES ('019c6860-1b41-7d3f-b4c8-fcca986ac0b0', '019c6860-1b39-7716-9b6d-3a2471b4edee', 'Lando Noris', 'NOR', 0, '2026-02-16 21:34:14.826195+00');
INSERT INTO public.assets (id, market_id, name, symbol, quantity, updated_at) VALUES ('019c6860-1b41-76b1-bc28-1addb884f10f', '019c6860-1b39-7716-9b6d-3a2471b4edee', 'Lewis Hamilton', 'HAM', -10, '2026-02-16 22:34:17.902012+00');
INSERT INTO public.assets (id, market_id, name, symbol, quantity, updated_at) VALUES ('019c6860-1b3e-7b7c-b0a3-c2930ee4028b', '019c6860-1b39-7716-9b6d-3a2471b4edee', 'Max Verstappen', 'VER', 110, '2026-02-16 23:53:46.094606+00');
INSERT INTO public.assets (id, market_id, name, symbol, quantity, updated_at) VALUES ('019c6860-1b41-70c8-b8e5-2bee12da0417', '019c6860-1b39-7716-9b6d-3a2471b4edee', 'Charles Leclerc', 'LEC', 100, '2026-02-16 23:54:45.974387+00');
INSERT INTO public.assets (id, market_id, name, symbol, quantity, updated_at) VALUES ('019c5d5d-439f-704b-b14b-749f92ebaa37', '019c5d5d-4398-7868-874b-a6c16dc022cd', 'Yes', 'Yes', 0, '2026-02-14 18:46:06.312477+00');
INSERT INTO public.assets (id, market_id, name, symbol, quantity, updated_at) VALUES ('019c53f7-9241-7c27-a418-473706bf79ce', '019c53f7-9239-754a-aefe-69da1ae45cdd', 'No', 'No', -70, '2026-02-14 12:07:02.212718+00');
INSERT INTO public.assets (id, market_id, name, symbol, quantity, updated_at) VALUES ('019c53f7-923f-7f8a-b76e-0381de10c068', '019c53f7-9239-754a-aefe-69da1ae45cdd', 'Yes', 'Yes', 40, '2026-02-14 12:07:11.912673+00');


ALTER TABLE public.assets ENABLE TRIGGER ALL;


ALTER TABLE public.positions DISABLE TRIGGER ALL;

INSERT INTO public.positions (id, user_id, market_id, asset_id, quantity, updated_at) VALUES ('019c5412-26ef-70a7-89ca-2a3736f62022', '019c4e6c-9462-72e8-bcd9-ff925a4f0797', '019c5412-0550-7279-a713-85b5db025102', '019c5412-0553-7ad5-8bdb-e4f41d757fb6', 0, '2026-02-14 12:34:07.994402+00');
INSERT INTO public.positions (id, user_id, market_id, asset_id, quantity, updated_at) VALUES ('019c5412-4fc6-742a-a748-9a127aacb9f3', '019c4e71-94a1-720c-b624-34f59cb746ff', '019c5412-0550-7279-a713-85b5db025102', '019c5412-0553-7ad5-8bdb-e4f41d757fb6', 0,'2026-02-14 12:34:07.994402+00');
INSERT INTO public.positions (id, user_id, market_id, asset_id, quantity, updated_at) VALUES ('019c5408-f695-7a77-97ca-29c76540697d', '019c4e6c-9462-72e8-bcd9-ff925a4f0797', '019c5408-4bef-7942-ba40-d76cb6c86159', '019c5408-4bf2-7db1-952a-d046f4f93b63', 10,'2026-02-16 20:01:30.087007+00');
INSERT INTO public.positions (id, user_id, market_id, asset_id, quantity, updated_at) VALUES ('019c53f7-c0d6-75af-8902-2edb24139ece', '019c4e6c-9462-72e8-bcd9-ff925a4f0797', '019c53f7-9239-754a-aefe-69da1ae45cdd', '019c53f7-923f-7f8a-b76e-0381de10c068', 0,'2026-02-14 12:44:17.464828+00');
INSERT INTO public.positions (id, user_id, market_id, asset_id, quantity, updated_at) VALUES ('019c5400-41ac-784d-9fa9-2bfd97866358', '019c4e71-94a1-720c-b624-34f59cb746ff', '019c53f7-9239-754a-aefe-69da1ae45cdd', '019c53f7-9241-7c27-a418-473706bf79ce', 0,'2026-02-14 12:44:17.464828+00');
INSERT INTO public.positions (id, user_id, market_id, asset_id, quantity, updated_at) VALUES ('019c5400-8715-7f67-9f58-b9fa34622bb0', '019c4e6c-9462-72e8-bcd9-ff925a4f0797', '019c53f7-9239-754a-aefe-69da1ae45cdd', '019c53f7-9241-7c27-a418-473706bf79ce', 0,'2026-02-14 12:44:17.464828+00');
INSERT INTO public.positions (id, user_id, market_id, asset_id, quantity, updated_at) VALUES ('019c685c-dc7e-72fc-be5c-0f6d440543bb', '019c4e6c-9462-72e8-bcd9-ff925a4f0797', '019c685b-e8f7-7e34-9de3-1974761e36b2', '019c685b-e8fd-7034-8f82-05e27c6433f6', 20,'2026-02-16 21:30:42.167234+00');
INSERT INTO public.positions (id, user_id, market_id, asset_id, quantity, updated_at) VALUES ('019c53f7-fe56-7ddb-bbff-b125db4e26c7', '019c4e71-94a1-720c-b624-34f59cb746ff', '019c53f7-9239-754a-aefe-69da1ae45cdd', '019c53f7-923f-7f8a-b76e-0381de10c068', 0,'2026-02-14 12:44:17.464828+00');
INSERT INTO public.positions (id, user_id, market_id, asset_id, quantity, updated_at) VALUES ('019c685c-83bc-7780-afc5-c876049f51e4', '019c4e71-94a1-720c-b624-34f59cb746ff', '019c685b-e8f7-7e34-9de3-1974761e36b2', '019c685b-e8fd-7034-8f82-05e27c6433f6', 0,'2026-02-16 21:31:32.578663+00');
INSERT INTO public.positions (id, user_id, market_id, asset_id, quantity, updated_at) VALUES ('019c6897-15bb-7cc5-bbc1-6b4fa9a43e6e', '019c4e71-94a1-720c-b624-34f59cb746ff', '019c6860-1b39-7716-9b6d-3a2471b4edee', '019c6860-1b41-76b1-bc28-1addb884f10f', 10,'2026-02-16 22:34:17.902012+00');
INSERT INTO public.positions (id, user_id, market_id, asset_id, quantity, updated_at) VALUES ('019c6895-f8e9-7a6c-a843-f2af7ceeb77d', '019c4e71-94a1-720c-b624-34f59cb746ff', '019c6860-1b39-7716-9b6d-3a2471b4edee', '019c6860-1b3e-7b7c-b0a3-c2930ee4028b', 110,'2026-02-16 23:53:46.094606+00');
INSERT INTO public.positions (id, user_id, market_id, asset_id, quantity, updated_at) VALUES ('019c68e0-c162-76b9-8d59-c8b29685bb5b', '019c4e6c-9462-72e8-bcd9-ff925a4f0797', '019c6860-1b39-7716-9b6d-3a2471b4edee', '019c6860-1b41-70c8-b8e5-2bee12da0417', 100,'2026-02-16 23:54:45.974387+00');
INSERT INTO public.positions (id, user_id, market_id, asset_id, quantity, updated_at) VALUES ('019c5415-1023-7e1b-a811-4d4fb2f3d196', '019c4e6c-9462-72e8-bcd9-ff925a4f0797', '019c5412-0550-7279-a713-85b5db025102', '019c5412-0554-76b8-95f2-e067df60f40d', 0,'2026-02-12 23:03:02.582717+00');
INSERT INTO public.positions (id, user_id, market_id, asset_id, quantity, updated_at) VALUES ('019c5414-c180-7b20-b024-cd50c3c0753b', '019c4e71-94a1-720c-b624-34f59cb746ff', '019c5412-0550-7279-a713-85b5db025102', '019c5412-0554-76b8-95f2-e067df60f40d', 0,'2026-02-12 23:03:10.463154+00');
INSERT INTO public.positions (id, user_id, market_id, asset_id, quantity, updated_at) VALUES ('019c5408-7581-72ef-a85d-c2966f2dd9db', '019c4e71-94a1-720c-b624-34f59cb746ff', '019c5408-4bef-7942-ba40-d76cb6c86159', '019c5408-4bf2-7db1-952a-d046f4f93b63', 20,'2026-02-14 12:07:43.298509+00');
INSERT INTO public.positions (id, user_id, market_id, asset_id, quantity, updated_at) VALUES ('019c5d5e-e159-7835-af93-11a38b82aef8', '019c4e71-94a1-720c-b624-34f59cb746ff', '019c5d5d-4398-7868-874b-a6c16dc022cd', '019c5d5d-439f-704b-b14b-749f92ebaa37', 0,'2026-02-14 18:44:34.38708+00');
INSERT INTO public.positions (id, user_id, market_id, asset_id, quantity, updated_at) VALUES ('019c5d60-0de1-7ce4-9c08-e6483f05b028', '019c4e6c-9462-72e8-bcd9-ff925a4f0797', '019c5d5d-4398-7868-874b-a6c16dc022cd', '019c5d5d-439f-704b-b14b-749f92ebaa37', 0,'2026-02-14 18:46:06.312477+00');
INSERT INTO public.positions (id, user_id, market_id, asset_id, quantity, updated_at) VALUES ('019c5d7c-4125-7698-a2f2-bc1577ef9b00', '019c4e71-94a1-720c-b624-34f59cb746ff', '019c5d5d-4398-7868-874b-a6c16dc022cd', '019c5d5d-43a1-742e-8818-b3928a76591c', 0,'2026-02-14 19:00:39.94133+00');
INSERT INTO public.positions (id, user_id, market_id, asset_id, quantity, updated_at) VALUES ('019c5c0c-84b5-71cd-a244-414a820f5dc4', '019c4e71-94a1-720c-b624-34f59cb746ff', '019c5408-4bef-7942-ba40-d76cb6c86159', '019c5408-4bf3-76a7-b574-2ff922f61409', 30,'2026-02-14 12:07:55.35242+00');
INSERT INTO public.positions (id, user_id, market_id, asset_id, quantity, updated_at) VALUES ('019c5d7e-8c3f-7327-a153-bfd8a84af883', '019c4e6c-9462-72e8-bcd9-ff925a4f0797', '019c5d5d-4398-7868-874b-a6c16dc022cd', '019c5d5d-43a1-742e-8818-b3928a76591c', 0,'2026-02-14 19:02:25.703407+00');
INSERT INTO public.positions (id, user_id, market_id, asset_id, quantity, updated_at) VALUES ('019c5d92-c6f9-738b-a47a-5f3e5f30a9cc', '019c4e71-94a1-720c-b624-34f59cb746ff', '019c5d92-952a-79a6-a7a6-14c5594d3ad4', '019c5d92-9534-794c-b758-64f7f3958584', 0,'2026-02-14 22:40:36.140393+00');
INSERT INTO public.positions (id, user_id, market_id, asset_id, quantity, updated_at) VALUES ('019c5d93-4b66-7b70-b1a7-eaa67d4f65e7', '019c4e6c-9462-72e8-bcd9-ff925a4f0797', '019c5d92-952a-79a6-a7a6-14c5594d3ad4', '019c5d92-9534-794c-b758-64f7f3958584', 0,'2026-02-14 22:41:49.25822+00');
INSERT INTO public.positions (id, user_id, market_id, asset_id, quantity, updated_at) VALUES ('019c5eca-ca17-78a2-8340-24453e67209e', '019c4e71-94a1-720c-b624-34f59cb746ff', '019c5d92-952a-79a6-a7a6-14c5594d3ad4', '019c5d92-9535-7c7c-8051-cd49904d3e26', 10,'2026-02-16 19:29:32.745399+00');
INSERT INTO public.positions (id, user_id, market_id, asset_id, quantity, updated_at) VALUES ('019c5eca-8a86-737c-99d5-0cb304a8bb3b', '019c4e6c-9462-72e8-bcd9-ff925a4f0797', '019c5d92-952a-79a6-a7a6-14c5594d3ad4', '019c5d92-9535-7c7c-8051-cd49904d3e26', 0,'2026-02-16 19:45:54.077827+00');


ALTER TABLE public.positions ENABLE TRIGGER ALL;


ALTER TABLE public.schema_migrations DISABLE TRIGGER ALL;

INSERT INTO public.schema_migrations (revision) VALUES (1770840582);
INSERT INTO public.schema_migrations (revision) VALUES (1771263190);
INSERT INTO public.schema_migrations (revision) VALUES (1771266643);
INSERT INTO public.schema_migrations (revision) VALUES (1771269638);
INSERT INTO public.schema_migrations (revision) VALUES (1771279867);


ALTER TABLE public.schema_migrations ENABLE TRIGGER ALL;


ALTER TABLE public.transactions DISABLE TRIGGER ALL;

INSERT INTO public.transactions (id, user_id, market_id, asset_id, quantity, cash_flow, created_at, price_before, price_after) VALUES ('019c53f7-c0ce-756c-baf7-ea4221aeef29', '019c4e6c-9462-72e8-bcd9-ff925a4f0797', '019c53f7-9239-754a-aefe-69da1ae45cdd', '019c53f7-923f-7f8a-b76e-0381de10c068', 100, -5415, '2026-02-12 22:27:51.622497+00', 0.5, 0.5825702064623147);
INSERT INTO public.transactions (id, user_id, market_id, asset_id, quantity, cash_flow, created_at, price_before, price_after) VALUES ('019c53f7-fe55-767b-93ef-0b13c6e3c938', '019c4e71-94a1-720c-b624-34f59cb746ff', '019c53f7-9239-754a-aefe-69da1ae45cdd', '019c53f7-923f-7f8a-b76e-0381de10c068', 100, -6222, '2026-02-12 22:28:07.373942+00', 0.5825702064623147, 0.6607563687658172);
INSERT INTO public.transactions (id, user_id, market_id, asset_id, quantity, cash_flow, created_at, price_before, price_after) VALUES ('019c53f8-5cdd-76a3-8167-a53f8c63e3da', '019c4e6c-9462-72e8-bcd9-ff925a4f0797', '019c53f7-9239-754a-aefe-69da1ae45cdd', '019c53f7-923f-7f8a-b76e-0381de10c068', 30, 1948, '2026-02-12 22:28:31.570119+00', 0.6607563687658172, 0.6379936706609839);
INSERT INTO public.transactions (id, user_id, market_id, asset_id, quantity, cash_flow, created_at, price_before, price_after) VALUES ('019c53fa-f0b5-7c72-98a0-65987dafa4c7', '019c4e71-94a1-720c-b624-34f59cb746ff', '019c53f7-9239-754a-aefe-69da1ae45cdd', '019c53f7-923f-7f8a-b76e-0381de10c068', 50, 3092, '2026-02-12 22:31:20.490868+00', 0.6379936706609839, 0.598687660112452);
INSERT INTO public.transactions (id, user_id, market_id, asset_id, quantity, cash_flow, created_at, price_before, price_after) VALUES ('019c53fc-07d0-7ea5-b5a9-c7dfbbfb02bb', '019c4e6c-9462-72e8-bcd9-ff925a4f0797', '019c53f7-9239-754a-aefe-69da1ae45cdd', '019c53f7-923f-7f8a-b76e-0381de10c068', 70, 3992, '2026-02-12 22:32:31.944587+00', 0.598687660112452, 0.5415704832167999);
INSERT INTO public.transactions (id, user_id, market_id, asset_id, quantity, cash_flow, created_at, price_before, price_after) VALUES ('019c53ff-07c8-73c7-9bad-fd43fee1ff51', '019c4e71-94a1-720c-b624-34f59cb746ff', '019c53f7-9239-754a-aefe-69da1ae45cdd', '019c53f7-923f-7f8a-b76e-0381de10c068', 80, 4067, '2026-02-12 22:35:48.532621+00', 0.5415704832167999, 0.47502081252106);
INSERT INTO public.transactions (id, user_id, market_id, asset_id, quantity, cash_flow, created_at, price_before, price_after) VALUES ('019c5400-41aa-7bf1-8558-50010ce40fdf', '019c4e71-94a1-720c-b624-34f59cb746ff', '019c53f7-9239-754a-aefe-69da1ae45cdd', '019c53f7-9241-7c27-a418-473706bf79ce', 100, 4834, '2026-02-12 22:37:08.897099+00', 0.52497918747894, 0.44192989412604666);
INSERT INTO public.transactions (id, user_id, market_id, asset_id, quantity, cash_flow, created_at, price_before, price_after) VALUES ('019c5400-8713-7e2e-b838-ad0113312735', '019c4e6c-9462-72e8-bcd9-ff925a4f0797', '019c53f7-9239-754a-aefe-69da1ae45cdd', '019c53f7-9241-7c27-a418-473706bf79ce', 100, 4015, '2026-02-12 22:37:26.660684+00', 0.44192989412604666, 0.3620063293390162);
INSERT INTO public.transactions (id, user_id, market_id, asset_id, quantity, cash_flow, created_at, price_before, price_after) VALUES ('019c5401-03e1-7687-a964-6d5d3324b2f9', '019c4e71-94a1-720c-b624-34f59cb746ff', '019c53f7-9239-754a-aefe-69da1ae45cdd', '019c53f7-9241-7c27-a418-473706bf79ce', 50, -1908, '2026-02-12 22:37:58.618572+00', 0.3620063293390162, 0.401312339887548);
INSERT INTO public.transactions (id, user_id, market_id, asset_id, quantity, cash_flow, created_at, price_before, price_after) VALUES ('019c5402-09a4-7f08-92ba-eabad2026775', '019c4e71-94a1-720c-b624-34f59cb746ff', '019c53f7-9239-754a-aefe-69da1ae45cdd', '019c53f7-9241-7c27-a418-473706bf79ce', 50, -2108, '2026-02-12 22:39:05.625811+00', 0.401312339887548, 0.44192989412604666);
INSERT INTO public.transactions (id, user_id, market_id, asset_id, quantity, cash_flow, created_at, price_before, price_after) VALUES ('019c5402-bd96-7f6a-8ed9-6baf231e71c5', '019c4e71-94a1-720c-b624-34f59cb746ff', '019c53f7-9239-754a-aefe-69da1ae45cdd', '019c53f7-923f-7f8a-b76e-0381de10c068', 30, -1711, '2026-02-12 22:39:51.694252+00', 0.5580701058739532, 0.5825702064623147);
INSERT INTO public.transactions (id, user_id, market_id, asset_id, quantity, cash_flow, created_at, price_before, price_after) VALUES ('019c5402-cb40-7b2d-aefa-e0b336465aed', '019c4e6c-9462-72e8-bcd9-ff925a4f0797', '019c53f7-9239-754a-aefe-69da1ae45cdd', '019c53f7-9241-7c27-a418-473706bf79ce', 100, -4585, '2026-02-12 22:39:55.187131+00', 0.41742979353768533, 0.5);
INSERT INTO public.transactions (id, user_id, market_id, asset_id, quantity, cash_flow, created_at, price_before, price_after) VALUES ('019c5408-757d-7eec-9340-ffab2a3473b3', '019c4e71-94a1-720c-b624-34f59cb746ff', '019c5408-4bef-7942-ba40-d76cb6c86159', '019c5408-4bf2-7db1-952a-d046f4f93b63', 100, 4585, '2026-02-12 22:46:06.45473+00', 0.5, 0.41742979353768533);
INSERT INTO public.transactions (id, user_id, market_id, asset_id, quantity, cash_flow, created_at, price_before, price_after) VALUES ('019c5408-f692-7a33-a5c0-7483135e226b', '019c4e6c-9462-72e8-bcd9-ff925a4f0797', '019c5408-4bef-7942-ba40-d76cb6c86159', '019c5408-4bf2-7db1-952a-d046f4f93b63', 100, 3778, '2026-02-12 22:46:39.493994+00', 0.41742979353768533, 0.33924363123418283);
INSERT INTO public.transactions (id, user_id, market_id, asset_id, quantity, cash_flow, created_at, price_before, price_after) VALUES ('019c5409-4b55-7eb1-9d4c-0db8b2d40ae6', '019c4e71-94a1-720c-b624-34f59cb746ff', '019c5408-4bef-7942-ba40-d76cb6c86159', '019c5408-4bf2-7db1-952a-d046f4f93b63', 50, -1791, '2026-02-12 22:47:01.200071+00', 0.33924363123418283, 0.37754066879814546);
INSERT INTO public.transactions (id, user_id, market_id, asset_id, quantity, cash_flow, created_at, price_before, price_after) VALUES ('019c5409-db67-7093-9992-b473e06f7eba', '019c4e6c-9462-72e8-bcd9-ff925a4f0797', '019c5408-4bef-7942-ba40-d76cb6c86159', '019c5408-4bf2-7db1-952a-d046f4f93b63', 50, -1987, '2026-02-12 22:47:38.08299+00', 0.37754066879814546, 0.41742979353768533);
INSERT INTO public.transactions (id, user_id, market_id, asset_id, quantity, cash_flow, created_at, price_before, price_after) VALUES ('019c540a-5e5a-7c46-bcc3-a440d65de0a9', '019c4e71-94a1-720c-b624-34f59cb746ff', '019c5408-4bef-7942-ba40-d76cb6c86159', '019c5408-4bf2-7db1-952a-d046f4f93b63', 50, -2189, '2026-02-12 22:48:11.59591+00', 0.41742979353768533, 0.45842951678320015);
INSERT INTO public.transactions (id, user_id, market_id, asset_id, quantity, cash_flow, created_at, price_before, price_after) VALUES ('019c540a-9b9d-7139-afde-6e417c4b330f', '019c4e6c-9462-72e8-bcd9-ff925a4f0797', '019c5408-4bef-7942-ba40-d76cb6c86159', '019c5408-4bf2-7db1-952a-d046f4f93b63', 50, -2396, '2026-02-12 22:48:27.288959+00', 0.45842951678320015, 0.5);
INSERT INTO public.transactions (id, user_id, market_id, asset_id, quantity, cash_flow, created_at, price_before, price_after) VALUES ('019c5412-26ed-7350-adfb-4b63fde9adcc', '019c4e6c-9462-72e8-bcd9-ff925a4f0797', '019c5412-0550-7279-a713-85b5db025102', '019c5412-0553-7ad5-8bdb-e4f41d757fb6', 100, 4585, '2026-02-12 22:56:41.705092+00', 0.5, 0.41742979353768533);
INSERT INTO public.transactions (id, user_id, market_id, asset_id, quantity, cash_flow, created_at, price_before, price_after) VALUES ('019c5412-4fc5-74f6-94d8-4c1ea352aae8', '019c4e71-94a1-720c-b624-34f59cb746ff', '019c5412-0550-7279-a713-85b5db025102', '019c5412-0553-7ad5-8bdb-e4f41d757fb6', 100, 3778, '2026-02-12 22:56:52.161813+00', 0.41742979353768533, 0.33924363123418283);
INSERT INTO public.transactions (id, user_id, market_id, asset_id, quantity, cash_flow, created_at, price_before, price_after) VALUES ('019c5412-82b1-714b-a0e9-db3631af44c5', '019c4e6c-9462-72e8-bcd9-ff925a4f0797', '019c5412-0550-7279-a713-85b5db025102', '019c5412-0553-7ad5-8bdb-e4f41d757fb6', 50, -1791, '2026-02-12 22:57:05.195123+00', 0.33924363123418283, 0.37754066879814546);
INSERT INTO public.transactions (id, user_id, market_id, asset_id, quantity, cash_flow, created_at, price_before, price_after) VALUES ('019c5413-0d6f-7e7e-80fc-17b7dacfdb81', '019c4e71-94a1-720c-b624-34f59cb746ff', '019c5412-0550-7279-a713-85b5db025102', '019c5412-0553-7ad5-8bdb-e4f41d757fb6', 50, -1987, '2026-02-12 22:57:40.715967+00', 0.37754066879814546, 0.41742979353768533);
INSERT INTO public.transactions (id, user_id, market_id, asset_id, quantity, cash_flow, created_at, price_before, price_after) VALUES ('019c5413-a1a1-797a-a0ad-0fc4d623c243', '019c4e6c-9462-72e8-bcd9-ff925a4f0797', '019c5412-0550-7279-a713-85b5db025102', '019c5412-0553-7ad5-8bdb-e4f41d757fb6', 50, -2189, '2026-02-12 22:58:18.653568+00', 0.41742979353768533, 0.45842951678320015);
INSERT INTO public.transactions (id, user_id, market_id, asset_id, quantity, cash_flow, created_at, price_before, price_after) VALUES ('019c5414-6eea-7f7b-b8fd-ba73e27e035e', '019c4e71-94a1-720c-b624-34f59cb746ff', '019c5412-0550-7279-a713-85b5db025102', '019c5412-0553-7ad5-8bdb-e4f41d757fb6', 50, -2396, '2026-02-12 22:59:11.203565+00', 0.45842951678320015, 0.5);
INSERT INTO public.transactions (id, user_id, market_id, asset_id, quantity, cash_flow, created_at, price_before, price_after) VALUES ('019c5414-c17f-7fb9-8d6d-e22a91419199', '019c4e71-94a1-720c-b624-34f59cb746ff', '019c5412-0550-7279-a713-85b5db025102', '019c5412-0554-76b8-95f2-e067df60f40d', 50, -2604, '2026-02-12 22:59:32.34947+00', 0.5, 0.5415704832167999);
INSERT INTO public.transactions (id, user_id, market_id, asset_id, quantity, cash_flow, created_at, price_before, price_after) VALUES ('019c5415-1022-7578-b3ad-49243c9e4f8b', '019c4e6c-9462-72e8-bcd9-ff925a4f0797', '019c5412-0550-7279-a713-85b5db025102', '019c5412-0554-76b8-95f2-e067df60f40d', 100, -5824, '2026-02-12 22:59:52.47878+00', 0.5415704832167999, 0.6224593312018546);
INSERT INTO public.transactions (id, user_id, market_id, asset_id, quantity, cash_flow, created_at, price_before, price_after) VALUES ('019c5415-6ece-7ba4-9e36-796db65b39a9', '019c4e71-94a1-720c-b624-34f59cb746ff', '019c5412-0550-7279-a713-85b5db025102', '019c5412-0554-76b8-95f2-e067df60f40d', 80, 4724, '2026-02-12 23:00:16.715005+00', 0.6224593312018546, 0.5580701058739532);
INSERT INTO public.transactions (id, user_id, market_id, asset_id, quantity, cash_flow, created_at, price_before, price_after) VALUES ('019c5417-14c2-7f7f-833f-dc8eae9ecade', '019c4e6c-9462-72e8-bcd9-ff925a4f0797', '019c5412-0550-7279-a713-85b5db025102', '019c5412-0554-76b8-95f2-e067df60f40d', 120, 6100, '2026-02-12 23:02:04.735198+00', 0.5580701058739532, 0.45842951678320015);
INSERT INTO public.transactions (id, user_id, market_id, asset_id, quantity, cash_flow, created_at, price_before, price_after) VALUES ('019c5417-f6bf-7fe2-80b9-0242d01309c1', '019c4e6c-9462-72e8-bcd9-ff925a4f0797', '019c5412-0550-7279-a713-85b5db025102', '019c5412-0554-76b8-95f2-e067df60f40d', 20, -933, '2026-02-12 23:03:02.582717+00', 0.45842951678320015, 0.47502081252106);
INSERT INTO public.transactions (id, user_id, market_id, asset_id, quantity, cash_flow, created_at, price_before, price_after) VALUES ('019c5418-1583-7080-8811-d954c1deea59', '019c4e71-94a1-720c-b624-34f59cb746ff', '019c5412-0550-7279-a713-85b5db025102', '019c5412-0554-76b8-95f2-e067df60f40d', 30, -1463, '2026-02-12 23:03:10.463154+00', 0.47502081252106, 0.5);
INSERT INTO public.transactions (id, user_id, market_id, asset_id, quantity, cash_flow, created_at, price_before, price_after) VALUES ('019c566a-d24d-7ded-b852-06898a77644a', '019c4e71-94a1-720c-b624-34f59cb746ff', '019c5412-0550-7279-a713-85b5db025102', '019c5412-0553-7ad5-8bdb-e4f41d757fb6', 10, -504, '2026-02-13 09:52:47.160981+00', 0.5, 0.5083325618141193);
INSERT INTO public.transactions (id, user_id, market_id, asset_id, quantity, cash_flow, created_at, price_before, price_after) VALUES ('019c592b-ac12-7ee3-a19f-cb624551811a', '019c4e71-94a1-720c-b624-34f59cb746ff', '019c5412-0550-7279-a713-85b5db025102', '019c5412-0553-7ad5-8bdb-e4f41d757fb6', 10, -512, '2026-02-13 22:42:40.255948+00', 0.5083325618141193, 0.5166604965694114);
INSERT INTO public.transactions (id, user_id, market_id, asset_id, quantity, cash_flow, created_at, price_before, price_after) VALUES ('019c5976-8a05-7444-9f05-53f6951d0c4a', '019c4e6c-9462-72e8-bcd9-ff925a4f0797', '019c5412-0550-7279-a713-85b5db025102', '019c5412-0553-7ad5-8bdb-e4f41d757fb6', 10, 512, '2026-02-14 00:04:26.733798+00', 0.5166604965694114, 0.5083325618141193);
INSERT INTO public.transactions (id, user_id, market_id, asset_id, quantity, cash_flow, created_at, price_before, price_after) VALUES ('019c5b5b-be10-7760-9dd9-d495211aebdb', '019c4e6c-9462-72e8-bcd9-ff925a4f0797', '019c5412-0550-7279-a713-85b5db025102', '019c5412-0553-7ad5-8bdb-e4f41d757fb6', 10, -512, '2026-02-14 08:54:25.022513+00', 0.5083325618141193, 0.5166604965694114);
INSERT INTO public.transactions (id, user_id, market_id, asset_id, quantity, cash_flow, created_at, price_before, price_after) VALUES ('019c5b5b-d5f0-77f7-bd2f-845d8653c1a7', '019c4e6c-9462-72e8-bcd9-ff925a4f0797', '019c5412-0550-7279-a713-85b5db025102', '019c5412-0553-7ad5-8bdb-e4f41d757fb6', 10, 512, '2026-02-14 08:54:31.144839+00', 0.5166604965694114, 0.5083325618141193);
INSERT INTO public.transactions (id, user_id, market_id, asset_id, quantity, cash_flow, created_at, price_before, price_after) VALUES ('019c5b63-decc-75c1-a4f6-85357cc65856', '019c4e6c-9462-72e8-bcd9-ff925a4f0797', '019c5412-0550-7279-a713-85b5db025102', '019c5412-0553-7ad5-8bdb-e4f41d757fb6', 10, -512, '2026-02-14 09:03:17.692995+00', 0.5083325618141193, 0.5166604965694114);
INSERT INTO public.transactions (id, user_id, market_id, asset_id, quantity, cash_flow, created_at, price_before, price_after) VALUES ('019c5b98-24ae-74f6-b22e-f856abd7775c', '019c4e6c-9462-72e8-bcd9-ff925a4f0797', '019c5412-0550-7279-a713-85b5db025102', '019c5412-0553-7ad5-8bdb-e4f41d757fb6', 10, -521, '2026-02-14 10:00:23.457456+00',  0.5166604965694114, 0.52497918747894);
INSERT INTO public.transactions (id, user_id, market_id, asset_id, quantity, cash_flow, created_at, price_before, price_after) VALUES ('019c5b98-4358-7a06-bbac-e7c23032bf3d', '019c4e6c-9462-72e8-bcd9-ff925a4f0797', '019c5408-4bef-7942-ba40-d76cb6c86159', '019c5408-4bf2-7db1-952a-d046f4f93b63', 10, 496, '2026-02-14 10:00:31.316302+00',  0.5, 0.4916674381858807);
INSERT INTO public.transactions (id, user_id, market_id, asset_id, quantity, cash_flow, created_at, price_before, price_after) VALUES ('019c5b98-80d3-73b8-a8d2-1d7465d0e9c1', '019c4e6c-9462-72e8-bcd9-ff925a4f0797', '019c5408-4bef-7942-ba40-d76cb6c86159', '019c5408-4bf2-7db1-952a-d046f4f93b63', 130, 5695, '2026-02-14 10:00:47.05277+00',  0.4916674381858807, 0.38540550173245053);
INSERT INTO public.transactions (id, user_id, market_id, asset_id, quantity, cash_flow, created_at, price_before, price_after) VALUES ('019c5ba8-0056-75c0-8baf-673441213dda', '019c4e71-94a1-720c-b624-34f59cb746ff', '019c53f7-9239-754a-aefe-69da1ae45cdd', '019c53f7-923f-7f8a-b76e-0381de10c068', 10, 496, '2026-02-14 10:17:42.728203+00',  0.5, 0.4916674381858807);
INSERT INTO public.transactions (id, user_id, market_id, asset_id, quantity, cash_flow, created_at, price_before, price_after) VALUES ('019c5c0b-a482-761e-a650-2a41c419c92c', '019c4e71-94a1-720c-b624-34f59cb746ff', '019c53f7-9239-754a-aefe-69da1ae45cdd', '019c53f7-9241-7c27-a418-473706bf79ce', 10, 504, '2026-02-14 12:06:32.817705+00',  0.5083325618141193, 0.5);
INSERT INTO public.transactions (id, user_id, market_id, asset_id, quantity, cash_flow, created_at, price_before, price_after) VALUES ('019c5c0b-adb2-7681-a450-2ae8bc6236d5', '019c4e71-94a1-720c-b624-34f59cb746ff', '019c53f7-9239-754a-aefe-69da1ae45cdd', '019c53f7-9241-7c27-a418-473706bf79ce', 10, 496, '2026-02-14 12:06:35.18213+00',  0.5, 0.4916674381858807);
INSERT INTO public.transactions (id, user_id, market_id, asset_id, quantity, cash_flow, created_at, price_before, price_after) VALUES ('019c5c0b-b810-7d02-82d5-feddebbfa775', '019c4e71-94a1-720c-b624-34f59cb746ff', '019c53f7-9239-754a-aefe-69da1ae45cdd', '019c53f7-923f-7f8a-b76e-0381de10c068', 10, -512, '2026-02-14 12:06:37.832696+00',  0.5083325618141193, 0.5166604965694114);
INSERT INTO public.transactions (id, user_id, market_id, asset_id, quantity, cash_flow, created_at, price_before, price_after) VALUES ('019c5c0b-bd80-7a71-8054-9bfa32115168', '019c4e71-94a1-720c-b624-34f59cb746ff', '019c53f7-9239-754a-aefe-69da1ae45cdd', '019c53f7-923f-7f8a-b76e-0381de10c068', 10, 512, '2026-02-14 12:06:39.230141+00',  0.5166604965694114, 0.5083325618141193);
INSERT INTO public.transactions (id, user_id, market_id, asset_id, quantity, cash_flow, created_at, price_before, price_after) VALUES ('019c5c0b-c591-77fb-919e-9be398585455', '019c4e71-94a1-720c-b624-34f59cb746ff', '019c53f7-9239-754a-aefe-69da1ae45cdd', '019c53f7-923f-7f8a-b76e-0381de10c068', 10, -512, '2026-02-14 12:06:41.293328+00',  0.5083325618141193, 0.5166604965694114);
INSERT INTO public.transactions (id, user_id, market_id, asset_id, quantity, cash_flow, created_at, price_before, price_after) VALUES ('019c5c0b-cb03-7d9f-a2f5-836d3b5aa49c', '019c4e71-94a1-720c-b624-34f59cb746ff', '019c53f7-9239-754a-aefe-69da1ae45cdd', '019c53f7-923f-7f8a-b76e-0381de10c068', 10, -521, '2026-02-14 12:06:42.689412+00',  0.5166604965694114, 0.52497918747894);
INSERT INTO public.transactions (id, user_id, market_id, asset_id, quantity, cash_flow, created_at, price_before, price_after) VALUES ('019c5c0b-cf43-7b0c-81b1-41d639843ee3', '019c4e71-94a1-720c-b624-34f59cb746ff', '019c53f7-9239-754a-aefe-69da1ae45cdd', '019c53f7-923f-7f8a-b76e-0381de10c068', 10, -529, '2026-02-14 12:06:43.777199+00',  0.52497918747894, 0.5332840382511314);
INSERT INTO public.transactions (id, user_id, market_id, asset_id, quantity, cash_flow, created_at, price_before, price_after) VALUES ('019c5c0b-d3c3-74f2-98a6-d0a0e7fd1be2', '019c4e71-94a1-720c-b624-34f59cb746ff', '019c53f7-9239-754a-aefe-69da1ae45cdd', '019c53f7-923f-7f8a-b76e-0381de10c068', 10, -537, '2026-02-14 12:06:44.925272+00',  0.5332840382511314, 0.5415704832167999);
INSERT INTO public.transactions (id, user_id, market_id, asset_id, quantity, cash_flow, created_at, price_before, price_after) VALUES ('019c5c0b-d852-7b7f-b0f3-6798abc2ed02', '019c4e71-94a1-720c-b624-34f59cb746ff', '019c53f7-9239-754a-aefe-69da1ae45cdd', '019c53f7-923f-7f8a-b76e-0381de10c068', 10, -546, '2026-02-14 12:06:46.094814+00',  0.5415704832167999, 0.549833997312478);
INSERT INTO public.transactions (id, user_id, market_id, asset_id, quantity, cash_flow, created_at, price_before, price_after) VALUES ('019c5c0b-dd97-79b3-aedc-cd3acf27c854', '019c4e71-94a1-720c-b624-34f59cb746ff', '019c53f7-9239-754a-aefe-69da1ae45cdd', '019c53f7-923f-7f8a-b76e-0381de10c068', 10, -554, '2026-02-14 12:06:47.444931+00',  0.549833997312478, 0.5580701058739532);
INSERT INTO public.transactions (id, user_id, market_id, asset_id, quantity, cash_flow, created_at, price_before, price_after) VALUES ('019c5c0b-e553-7fb2-9027-aa95d21b3a87', '019c4e71-94a1-720c-b624-34f59cb746ff', '019c53f7-9239-754a-aefe-69da1ae45cdd', '019c53f7-9241-7c27-a418-473706bf79ce', 10, -446, '2026-02-14 12:06:49.41742+00',  0.44192989412604666, 0.4501660026875221);
INSERT INTO public.transactions (id, user_id, market_id, asset_id, quantity, cash_flow, created_at, price_before, price_after) VALUES ('019c5c0b-eb0b-79b9-a68e-c6b235d0be46', '019c4e71-94a1-720c-b624-34f59cb746ff', '019c53f7-9239-754a-aefe-69da1ae45cdd', '019c53f7-9241-7c27-a418-473706bf79ce', 10, 446, '2026-02-14 12:06:50.884704+00',  0.4501660026875221, 0.44192989412604666);
INSERT INTO public.transactions (id, user_id, market_id, asset_id, quantity, cash_flow, created_at, price_before, price_after) VALUES ('019c5c0b-f10a-7044-9154-d525f36ac78c', '019c4e71-94a1-720c-b624-34f59cb746ff', '019c53f7-9239-754a-aefe-69da1ae45cdd', '019c53f7-9241-7c27-a418-473706bf79ce', 10, 438, '2026-02-14 12:06:52.419591+00',  0.44192989412604666, 0.4337256058045608);
INSERT INTO public.transactions (id, user_id, market_id, asset_id, quantity, cash_flow, created_at, price_before, price_after) VALUES ('019c5c0b-f9df-7829-8b2e-61dce3ccdbe1', '019c4e71-94a1-720c-b624-34f59cb746ff', '019c53f7-9239-754a-aefe-69da1ae45cdd', '019c53f7-9241-7c27-a418-473706bf79ce', 10, 430, '2026-02-14 12:06:54.68593+00',  0.4337256058045608, 0.425557483188341);
INSERT INTO public.transactions (id, user_id, market_id, asset_id, quantity, cash_flow, created_at, price_before, price_after) VALUES ('019c5c0c-000c-7c9e-9bf4-691f6f557436', '019c4e71-94a1-720c-b624-34f59cb746ff', '019c53f7-9239-754a-aefe-69da1ae45cdd', '019c53f7-9241-7c27-a418-473706bf79ce', 10, 421, '2026-02-14 12:06:56.262708+00',  0.425557483188341, 0.41742979353768533);
INSERT INTO public.transactions (id, user_id, market_id, asset_id, quantity, cash_flow, created_at, price_before, price_after) VALUES ('019c5c0c-0538-7892-88a7-c0adbb7009ed', '019c4e71-94a1-720c-b624-34f59cb746ff', '019c53f7-9239-754a-aefe-69da1ae45cdd', '019c53f7-9241-7c27-a418-473706bf79ce', 10, 413, '2026-02-14 12:06:57.587774+00',  0.41742979353768533, 0.40934671729911415);
INSERT INTO public.transactions (id, user_id, market_id, asset_id, quantity, cash_flow, created_at, price_before, price_after) VALUES ('019c5c0c-09d9-7b37-bea7-e9721beac5eb', '019c4e71-94a1-720c-b624-34f59cb746ff', '019c53f7-9239-754a-aefe-69da1ae45cdd', '019c53f7-9241-7c27-a418-473706bf79ce', 10, 405, '2026-02-14 12:06:58.770565+00',  0.40934671729911415, 0.401312339887548);
INSERT INTO public.transactions (id, user_id, market_id, asset_id, quantity, cash_flow, created_at, price_before, price_after) VALUES ('019c5c0c-128d-717e-a4c3-a1fcfa5a5d81', '019c4e71-94a1-720c-b624-34f59cb746ff', '019c53f7-9239-754a-aefe-69da1ae45cdd', '019c53f7-9241-7c27-a418-473706bf79ce', 10, 397, '2026-02-14 12:07:00.991474+00',  0.401312339887548, 0.39333064389178857);
INSERT INTO public.transactions (id, user_id, market_id, asset_id, quantity, cash_flow, created_at, price_before, price_after) VALUES ('019c5c0c-1748-7e0e-8009-24c0fce15d4f', '019c4e71-94a1-720c-b624-34f59cb746ff', '019c53f7-9239-754a-aefe-69da1ae45cdd', '019c53f7-9241-7c27-a418-473706bf79ce', 10, -397, '2026-02-14 12:07:02.212718+00',  0.39333064389178857, 0.401312339887548);
INSERT INTO public.transactions (id, user_id, market_id, asset_id, quantity, cash_flow, created_at, price_before, price_after) VALUES ('019c5c0c-1ebd-7c38-b8dc-d9e1fda4354c', '019c4e71-94a1-720c-b624-34f59cb746ff', '019c53f7-9239-754a-aefe-69da1ae45cdd', '019c53f7-923f-7f8a-b76e-0381de10c068', 10, -603, '2026-02-14 12:07:04.118849+00',  0.598687660112452, 0.6066693561082114);
INSERT INTO public.transactions (id, user_id, market_id, asset_id, quantity, cash_flow, created_at, price_before, price_after) VALUES ('019c5c0c-2532-7655-bb28-7d032afef3f4', '019c4e71-94a1-720c-b624-34f59cb746ff', '019c53f7-9239-754a-aefe-69da1ae45cdd', '019c53f7-923f-7f8a-b76e-0381de10c068', 10, -611, '2026-02-14 12:07:05.773594+00',  0.6066693561082114, 0.6145944982675495);
INSERT INTO public.transactions (id, user_id, market_id, asset_id, quantity, cash_flow, created_at, price_before, price_after) VALUES ('019c5c0c-2a0a-767c-be05-696bd541e2f3', '019c4e71-94a1-720c-b624-34f59cb746ff', '019c53f7-9239-754a-aefe-69da1ae45cdd', '019c53f7-923f-7f8a-b76e-0381de10c068', 10, -619, '2026-02-14 12:07:07.013739+00',  0.6145944982675495, 0.6224593312018546);
INSERT INTO public.transactions (id, user_id, market_id, asset_id, quantity, cash_flow, created_at, price_before, price_after) VALUES ('019c5c0c-2ee0-731f-9177-806116ec9b04', '019c4e71-94a1-720c-b624-34f59cb746ff', '019c53f7-9239-754a-aefe-69da1ae45cdd', '019c53f7-923f-7f8a-b76e-0381de10c068', 10, 619, '2026-02-14 12:07:08.245+00',  0.6224593312018546, 0.6145944982675495);
INSERT INTO public.transactions (id, user_id, market_id, asset_id, quantity, cash_flow, created_at, price_before, price_after) VALUES ('019c5c0c-3341-787a-be93-6f670f16f21b', '019c4e71-94a1-720c-b624-34f59cb746ff', '019c53f7-9239-754a-aefe-69da1ae45cdd', '019c53f7-923f-7f8a-b76e-0381de10c068', 10, 611, '2026-02-14 12:07:09.366395+00',  0.6145944982675495, 0.6066693561082114);
INSERT INTO public.transactions (id, user_id, market_id, asset_id, quantity, cash_flow, created_at, price_before, price_after) VALUES ('019c5c0c-3764-7c98-b678-5232afe95860', '019c4e71-94a1-720c-b624-34f59cb746ff', '019c53f7-9239-754a-aefe-69da1ae45cdd', '019c53f7-923f-7f8a-b76e-0381de10c068', 10, 603, '2026-02-14 12:07:10.43209+00',  0.6066693561082114, 0.598687660112452);
INSERT INTO public.transactions (id, user_id, market_id, asset_id, quantity, cash_flow, created_at, price_before, price_after) VALUES ('019c5c0c-3d2c-72f9-9b4d-1f604698b5ca', '019c4e71-94a1-720c-b624-34f59cb746ff', '019c53f7-9239-754a-aefe-69da1ae45cdd', '019c53f7-923f-7f8a-b76e-0381de10c068', 10, 595, '2026-02-14 12:07:11.912673+00',  0.598687660112452, 0.5906532827008858);
INSERT INTO public.transactions (id, user_id, market_id, asset_id, quantity, cash_flow, created_at, price_before, price_after) VALUES ('019c5c0c-84ae-7a86-9382-1c53c6530d7f', '019c4e71-94a1-720c-b624-34f59cb746ff', '019c5408-4bef-7942-ba40-d76cb6c86159', '019c5408-4bf3-76a7-b574-2ff922f61409', 10, -619, '2026-02-14 12:07:30.217394+00',  0.6145944982675495, 0.6224593312018546);
INSERT INTO public.transactions (id, user_id, market_id, asset_id, quantity, cash_flow, created_at, price_before, price_after) VALUES ('019c5c0c-8d54-771d-8592-40a4359740ae', '019c4e71-94a1-720c-b624-34f59cb746ff', '019c5408-4bef-7942-ba40-d76cb6c86159', '019c5408-4bf3-76a7-b574-2ff922f61409', 10, -626, '2026-02-14 12:07:32.432886+00',  0.6224593312018546, 0.6302602229177513);
INSERT INTO public.transactions (id, user_id, market_id, asset_id, quantity, cash_flow, created_at, price_before, price_after) VALUES ('019c5c0c-91cf-70dd-a6cb-0b5e2e51e7c9', '019c4e71-94a1-720c-b624-34f59cb746ff', '019c5408-4bef-7942-ba40-d76cb6c86159', '019c5408-4bf3-76a7-b574-2ff922f61409', 10, -634, '2026-02-14 12:07:33.579485+00',  0.6302602229177513, 0.6379936706609839);
INSERT INTO public.transactions (id, user_id, market_id, asset_id, quantity, cash_flow, created_at, price_before, price_after) VALUES ('019c5c0c-992e-7337-b2c7-cbc60d2763f9', '019c4e71-94a1-720c-b624-34f59cb746ff', '019c5408-4bef-7942-ba40-d76cb6c86159', '019c5408-4bf3-76a7-b574-2ff922f61409', 10, -642, '2026-02-14 12:07:35.465+00',  0.6379936706609839, 0.6456563062257954);
INSERT INTO public.transactions (id, user_id, market_id, asset_id, quantity, cash_flow, created_at, price_before, price_after) VALUES ('019c5c0c-9ddb-75fb-9def-9885e663a7f6', '019c4e71-94a1-720c-b624-34f59cb746ff', '019c5408-4bef-7942-ba40-d76cb6c86159', '019c5408-4bf3-76a7-b574-2ff922f61409', 10, -649, '2026-02-14 12:07:36.663375+00',  0.6456563062257954, 0.6532449007182833);
INSERT INTO public.transactions (id, user_id, market_id, asset_id, quantity, cash_flow, created_at, price_before, price_after) VALUES ('019c5c0c-a1e3-74e5-90d4-1f7d981f5304', '019c4e71-94a1-720c-b624-34f59cb746ff', '019c5408-4bef-7942-ba40-d76cb6c86159', '019c5408-4bf3-76a7-b574-2ff922f61409', 10, -657, '2026-02-14 12:07:37.695032+00',  0.6532449007182833, 0.6607563687658172);
INSERT INTO public.transactions (id, user_id, market_id, asset_id, quantity, cash_flow, created_at, price_before, price_after) VALUES ('019c5c0c-a6bb-7b49-bf2a-1652f27ddbcf', '019c4e71-94a1-720c-b624-34f59cb746ff', '019c5408-4bef-7942-ba40-d76cb6c86159', '019c5408-4bf3-76a7-b574-2ff922f61409', 10, -664, '2026-02-14 12:07:38.935741+00',  0.6607563687658172, 0.6681877721681662);
INSERT INTO public.transactions (id, user_id, market_id, asset_id, quantity, cash_flow, created_at, price_before, price_after) VALUES ('019c5c0c-b0bc-7fe8-b50a-71b35ae5be17', '019c4e71-94a1-720c-b624-34f59cb746ff', '019c5408-4bef-7942-ba40-d76cb6c86159', '019c5408-4bf2-7db1-952a-d046f4f93b63', 10, 328, '2026-02-14 12:07:41.496185+00',  0.33181222783183395, 0.3244636770105458);
INSERT INTO public.transactions (id, user_id, market_id, asset_id, quantity, cash_flow, created_at, price_before, price_after) VALUES ('019c5c0c-b7cc-73aa-933d-d4377bde4b44', '019c4e71-94a1-720c-b624-34f59cb746ff', '019c5408-4bef-7942-ba40-d76cb6c86159', '019c5408-4bf2-7db1-952a-d046f4f93b63', 10, 321, '2026-02-14 12:07:43.298509+00',  0.3244636770105458, 0.31720061390658744);
INSERT INTO public.transactions (id, user_id, market_id, asset_id, quantity, cash_flow, created_at, price_before, price_after) VALUES ('019c5c0c-bf1d-7f4e-82c9-b534a077c6ac', '019c4e71-94a1-720c-b624-34f59cb746ff', '019c5408-4bef-7942-ba40-d76cb6c86159', '019c5408-4bf3-76a7-b574-2ff922f61409', 10, 679, '2026-02-14 12:07:45.178138+00',  0.6827993860934125, 0.6755363229894543);
INSERT INTO public.transactions (id, user_id, market_id, asset_id, quantity, cash_flow, created_at, price_before, price_after) VALUES ('019c5c0c-c3f4-7018-8d9d-3c3ba2ba4c4e', '019c4e71-94a1-720c-b624-34f59cb746ff', '019c5408-4bef-7942-ba40-d76cb6c86159', '019c5408-4bf3-76a7-b574-2ff922f61409', 10, 672, '2026-02-14 12:07:46.415296+00',  0.6755363229894543, 0.6681877721681662);
INSERT INTO public.transactions (id, user_id, market_id, asset_id, quantity, cash_flow, created_at, price_before, price_after) VALUES ('019c5c0c-c7d7-7d8c-b0b0-7d2346fae82e', '019c4e71-94a1-720c-b624-34f59cb746ff', '019c5408-4bef-7942-ba40-d76cb6c86159', '019c5408-4bf3-76a7-b574-2ff922f61409', 10, 664, '2026-02-14 12:07:47.412441+00',  0.6681877721681662, 0.6607563687658172);
INSERT INTO public.transactions (id, user_id, market_id, asset_id, quantity, cash_flow, created_at, price_before, price_after) VALUES ('019c5c0c-cc24-7d37-ab29-07eb364e9d05', '019c4e71-94a1-720c-b624-34f59cb746ff', '019c5408-4bef-7942-ba40-d76cb6c86159', '019c5408-4bf3-76a7-b574-2ff922f61409', 10, 657, '2026-02-14 12:07:48.51184+00',  0.6607563687658172, 0.6532449007182833);
INSERT INTO public.transactions (id, user_id, market_id, asset_id, quantity, cash_flow, created_at, price_before, price_after) VALUES ('019c5c0c-d002-73e5-b450-8d2076d44357', '019c4e71-94a1-720c-b624-34f59cb746ff', '019c5408-4bef-7942-ba40-d76cb6c86159', '019c5408-4bf3-76a7-b574-2ff922f61409', 10, 649, '2026-02-14 12:07:49.49977+00',  0.6532449007182833, 0.6456563062257954);
INSERT INTO public.transactions (id, user_id, market_id, asset_id, quantity, cash_flow, created_at, price_before, price_after) VALUES ('019c5c0c-d430-760c-8791-cd8c129985b7', '019c4e71-94a1-720c-b624-34f59cb746ff', '019c5408-4bef-7942-ba40-d76cb6c86159', '019c5408-4bf3-76a7-b574-2ff922f61409', 10, 642, '2026-02-14 12:07:50.571073+00',  0.6456563062257954, 0.6379936706609839);
INSERT INTO public.transactions (id, user_id, market_id, asset_id, quantity, cash_flow, created_at, price_before, price_after) VALUES ('019c5c0c-d9d0-754d-b500-596f21c48bd8', '019c4e71-94a1-720c-b624-34f59cb746ff', '019c5408-4bef-7942-ba40-d76cb6c86159', '019c5408-4bf3-76a7-b574-2ff922f61409', 10, 634, '2026-02-14 12:07:52.013967+00',  0.6379936706609839, 0.6302602229177513);
INSERT INTO public.transactions (id, user_id, market_id, asset_id, quantity, cash_flow, created_at, price_before, price_after) VALUES ('019c5c0c-dde9-7db6-8cd0-66f22e22e1c0', '019c4e71-94a1-720c-b624-34f59cb746ff', '019c5408-4bef-7942-ba40-d76cb6c86159', '019c5408-4bf3-76a7-b574-2ff922f61409', 10, 626, '2026-02-14 12:07:53.062792+00',  0.6302602229177513, 0.6224593312018546);
INSERT INTO public.transactions (id, user_id, market_id, asset_id, quantity, cash_flow, created_at, price_before, price_after) VALUES ('019c5c0c-e1e4-77ca-a2de-70444cc00a36', '019c4e71-94a1-720c-b624-34f59cb746ff', '019c5408-4bef-7942-ba40-d76cb6c86159', '019c5408-4bf3-76a7-b574-2ff922f61409', 10, 619, '2026-02-14 12:07:54.081019+00',  0.6224593312018546, 0.6145944982675495);
INSERT INTO public.transactions (id, user_id, market_id, asset_id, quantity, cash_flow, created_at, price_before, price_after) VALUES ('019c5c0c-e6ec-702a-bb3a-acad7bc0bf3e', '019c4e71-94a1-720c-b624-34f59cb746ff', '019c5408-4bef-7942-ba40-d76cb6c86159', '019c5408-4bf3-76a7-b574-2ff922f61409', 10, 611, '2026-02-14 12:07:55.35242+00',  0.6145944982675495, 0.6066693561082114);
INSERT INTO public.transactions (id, user_id, market_id, asset_id, quantity, cash_flow, created_at, price_before, price_after) VALUES ('019c5c0d-3a68-754b-889a-4fc17631c37c', '019c4e71-94a1-720c-b624-34f59cb746ff', '019c5412-0550-7279-a713-85b5db025102', '019c5412-0553-7ad5-8bdb-e4f41d757fb6', 10, -529, '2026-02-14 12:08:16.729589+00',  0.52497918747894, 0.5332840382511314);
INSERT INTO public.transactions (id, user_id, market_id, asset_id, quantity, cash_flow, created_at, price_before, price_after) VALUES ('019c5c0d-40ca-7204-ba02-0cd8dbae6f27', '019c4e71-94a1-720c-b624-34f59cb746ff', '019c5412-0550-7279-a713-85b5db025102', '019c5412-0553-7ad5-8bdb-e4f41d757fb6', 10, -537, '2026-02-14 12:08:18.372379+00',  0.5332840382511314, 0.5415704832167999);
INSERT INTO public.transactions (id, user_id, market_id, asset_id, quantity, cash_flow, created_at, price_before, price_after) VALUES ('019c5c0d-4519-7a50-a3e8-f26612b3e773', '019c4e71-94a1-720c-b624-34f59cb746ff', '019c5412-0550-7279-a713-85b5db025102', '019c5412-0553-7ad5-8bdb-e4f41d757fb6', 10, -546, '2026-02-14 12:08:19.478703+00',  0.5415704832167999, 0.549833997312478);
INSERT INTO public.transactions (id, user_id, market_id, asset_id, quantity, cash_flow, created_at, price_before, price_after) VALUES ('019c5c0d-48df-7df6-8646-1926c9d93ead', '019c4e71-94a1-720c-b624-34f59cb746ff', '019c5412-0550-7279-a713-85b5db025102', '019c5412-0553-7ad5-8bdb-e4f41d757fb6', 10, -554, '2026-02-14 12:08:20.444558+00',  0.549833997312478, 0.5580701058739532);
INSERT INTO public.transactions (id, user_id, market_id, asset_id, quantity, cash_flow, created_at, price_before, price_after) VALUES ('019c5c0d-4d9e-7c55-8d04-14c8d25149d3', '019c4e71-94a1-720c-b624-34f59cb746ff', '019c5412-0550-7279-a713-85b5db025102', '019c5412-0553-7ad5-8bdb-e4f41d757fb6', 10, -562, '2026-02-14 12:08:21.660496+00',  0.5580701058739532, 0.5662743941954392);
INSERT INTO public.transactions (id, user_id, market_id, asset_id, quantity, cash_flow, created_at, price_before, price_after) VALUES ('019c5c0d-5540-7d7e-b47e-dedb2f49d2e7', '019c4e71-94a1-720c-b624-34f59cb746ff', '019c5412-0550-7279-a713-85b5db025102', '019c5412-0553-7ad5-8bdb-e4f41d757fb6', 10, -570, '2026-02-14 12:08:23.613195+00',  0.5662743941954392, 0.574442516811659);
INSERT INTO public.transactions (id, user_id, market_id, asset_id, quantity, cash_flow, created_at, price_before, price_after) VALUES ('019c5c0d-5a89-7281-8f3b-5940b95f7476', '019c4e71-94a1-720c-b624-34f59cb746ff', '019c5412-0550-7279-a713-85b5db025102', '019c5412-0553-7ad5-8bdb-e4f41d757fb6', 10, -579, '2026-02-14 12:08:24.965008+00',  0.574442516811659, 0.5825702064623147);
INSERT INTO public.transactions (id, user_id, market_id, asset_id, quantity, cash_flow, created_at, price_before, price_after) VALUES ('019c5c0d-61bc-78e7-853f-730bf7dc32a0', '019c4e71-94a1-720c-b624-34f59cb746ff', '019c5412-0550-7279-a713-85b5db025102', '019c5412-0553-7ad5-8bdb-e4f41d757fb6', 10, -587, '2026-02-14 12:08:26.809253+00',  0.5825702064623147, 0.5906532827008858);
INSERT INTO public.transactions (id, user_id, market_id, asset_id, quantity, cash_flow, created_at, price_before, price_after) VALUES ('019c5c0d-671f-7978-a92b-ca8869532a58', '019c4e71-94a1-720c-b624-34f59cb746ff', '019c5412-0550-7279-a713-85b5db025102', '019c5412-0553-7ad5-8bdb-e4f41d757fb6', 10, -595, '2026-02-14 12:08:28.181641+00',  0.5906532827008858, 0.598687660112452);
INSERT INTO public.transactions (id, user_id, market_id, asset_id, quantity, cash_flow, created_at, price_before, price_after) VALUES ('019c5c0d-6c73-79ef-b4a6-06eb59e2b962', '019c4e71-94a1-720c-b624-34f59cb746ff', '019c5412-0550-7279-a713-85b5db025102', '019c5412-0553-7ad5-8bdb-e4f41d757fb6', 10, -603, '2026-02-14 12:08:29.54407+00',  0.598687660112452, 0.6066693561082114);
INSERT INTO public.transactions (id, user_id, market_id, asset_id, quantity, cash_flow, created_at, price_before, price_after) VALUES ('019c5c0d-70d7-7fd0-96f9-fca4709c80a0', '019c4e71-94a1-720c-b624-34f59cb746ff', '019c5412-0550-7279-a713-85b5db025102', '019c5412-0553-7ad5-8bdb-e4f41d757fb6', 10, -611, '2026-02-14 12:08:30.664026+00',  0.6066693561082114, 0.6145944982675495);
INSERT INTO public.transactions (id, user_id, market_id, asset_id, quantity, cash_flow, created_at, price_before, price_after) VALUES ('019c5c0d-74c7-7de1-b619-c88eb9559e27', '019c4e71-94a1-720c-b624-34f59cb746ff', '019c5412-0550-7279-a713-85b5db025102', '019c5412-0553-7ad5-8bdb-e4f41d757fb6', 10, -619, '2026-02-14 12:08:31.682046+00',  0.6145944982675495, 0.6224593312018546);
INSERT INTO public.transactions (id, user_id, market_id, asset_id, quantity, cash_flow, created_at, price_before, price_after) VALUES ('019c5c0d-791d-75a5-a438-e10973aab620', '019c4e71-94a1-720c-b624-34f59cb746ff', '019c5412-0550-7279-a713-85b5db025102', '019c5412-0553-7ad5-8bdb-e4f41d757fb6', 10, -626, '2026-02-14 12:08:32.794589+00',  0.6224593312018546, 0.6302602229177513);
INSERT INTO public.transactions (id, user_id, market_id, asset_id, quantity, cash_flow, created_at, price_before, price_after) VALUES ('019c5c0d-7d96-7b4c-b930-c17d00f02597', '019c4e71-94a1-720c-b624-34f59cb746ff', '019c5412-0550-7279-a713-85b5db025102', '019c5412-0553-7ad5-8bdb-e4f41d757fb6', 10, -634, '2026-02-14 12:08:33.93449+00',  0.6302602229177513, 0.6379936706609839);
INSERT INTO public.transactions (id, user_id, market_id, asset_id, quantity, cash_flow, created_at, price_before, price_after) VALUES ('019c5c0d-8252-7452-bc9d-516f972f6548', '019c4e71-94a1-720c-b624-34f59cb746ff', '019c5412-0550-7279-a713-85b5db025102', '019c5412-0553-7ad5-8bdb-e4f41d757fb6', 10, -642, '2026-02-14 12:08:35.151377+00',  0.6379936706609839, 0.6456563062257954);
INSERT INTO public.transactions (id, user_id, market_id, asset_id, quantity, cash_flow, created_at, price_before, price_after) VALUES ('019c5c0d-86ed-7865-9476-8403cf3a7042', '019c4e71-94a1-720c-b624-34f59cb746ff', '019c5412-0550-7279-a713-85b5db025102', '019c5412-0553-7ad5-8bdb-e4f41d757fb6', 10, -649, '2026-02-14 12:08:36.328947+00',  0.6456563062257954, 0.6532449007182833);
INSERT INTO public.transactions (id, user_id, market_id, asset_id, quantity, cash_flow, created_at, price_before, price_after) VALUES ('019c5c0d-8e57-79c7-bed1-b2e9d0a3e4de', '019c4e71-94a1-720c-b624-34f59cb746ff', '019c5412-0550-7279-a713-85b5db025102', '019c5412-0553-7ad5-8bdb-e4f41d757fb6', 10, -657, '2026-02-14 12:08:38.227462+00',  0.6532449007182833, 0.6607563687658172);
INSERT INTO public.transactions (id, user_id, market_id, asset_id, quantity, cash_flow, created_at, price_before, price_after) VALUES ('019c5c24-e606-78b1-8ddd-bf11349f7e84', '019c4e6c-9462-72e8-bcd9-ff925a4f0797', '019c5412-0550-7279-a713-85b5db025102', '019c5412-0553-7ad5-8bdb-e4f41d757fb6', -10, 1084, '2026-02-14 12:34:07.994402+00',  0, 0);
INSERT INTO public.transactions (id, user_id, market_id, asset_id, quantity, cash_flow, created_at, price_before, price_after) VALUES ('019c5c24-e60c-72c7-ac95-ba81971d07b9', '019c4e71-94a1-720c-b624-34f59cb746ff', '019c5412-0550-7279-a713-85b5db025102', '019c5412-0553-7ad5-8bdb-e4f41d757fb6', -190, 7279, '2026-02-14 12:34:07.994402+00',  0, 0);
INSERT INTO public.transactions (id, user_id, market_id, asset_id, quantity, cash_flow, created_at, price_before, price_after) VALUES ('019c5c2e-32bc-71d1-acf4-f7f3a47ff667', '019c4e6c-9462-72e8-bcd9-ff925a4f0797', '019c53f7-9239-754a-aefe-69da1ae45cdd', '019c53f7-923f-7f8a-b76e-0381de10c068', 0, 525, '2026-02-14 12:44:17.464828+00',  0, 0);
INSERT INTO public.transactions (id, user_id, market_id, asset_id, quantity, cash_flow, created_at, price_before, price_after) VALUES ('019c5c2e-32bf-77a8-add8-5d54df82e9d1', '019c4e71-94a1-720c-b624-34f59cb746ff', '019c53f7-9239-754a-aefe-69da1ae45cdd', '019c53f7-9241-7c27-a418-473706bf79ce', -70, -5743, '2026-02-14 12:44:17.464828+00',  0, 0);
INSERT INTO public.transactions (id, user_id, market_id, asset_id, quantity, cash_flow, created_at, price_before, price_after) VALUES ('019c5c2e-32c0-789b-beef-7873611d78f3', '019c4e6c-9462-72e8-bcd9-ff925a4f0797', '019c53f7-9239-754a-aefe-69da1ae45cdd', '019c53f7-9241-7c27-a418-473706bf79ce', 0, -8600, '2026-02-14 12:44:17.464828+00',  0, 0);
INSERT INTO public.transactions (id, user_id, market_id, asset_id, quantity, cash_flow, created_at, price_before, price_after) VALUES ('019c5c2e-32c1-7a5b-be86-4b7c2e8ee727', '019c4e71-94a1-720c-b624-34f59cb746ff', '019c53f7-9239-754a-aefe-69da1ae45cdd', '019c53f7-923f-7f8a-b76e-0381de10c068', -40, -1540, '2026-02-14 12:44:17.464828+00',  0, 0);
INSERT INTO public.transactions (id, user_id, market_id, asset_id, quantity, cash_flow, created_at, price_before, price_after) VALUES ('019c5cec-2eb7-74e0-bf62-6cd9c2dcf372', '019c4e6c-9462-72e8-bcd9-ff925a4f0797', '019c5408-4bef-7942-ba40-d76cb6c86159', '019c5408-4bf2-7db1-952a-d046f4f93b63', 100, 3547, '2026-02-14 16:11:48.262497+00',  0.39333064389178857, 0.31720061390658744);
INSERT INTO public.transactions (id, user_id, market_id, asset_id, quantity, cash_flow, created_at, price_before, price_after) VALUES ('019c5d5e-e154-7495-a164-398068d88bde', '019c4e71-94a1-720c-b624-34f59cb746ff', '019c5d5d-4398-7868-874b-a6c16dc022cd', '019c5d5d-439f-704b-b14b-749f92ebaa37', 50, -2604, '2026-02-14 18:17:05.09127+00',  0.5, 0.5415704832167999);
INSERT INTO public.transactions (id, user_id, market_id, asset_id, quantity, cash_flow, created_at, price_before, price_after) VALUES ('019c5d60-0dde-74fb-aaf4-b8b3a336234c', '019c4e6c-9462-72e8-bcd9-ff925a4f0797', '019c5d5d-4398-7868-874b-a6c16dc022cd', '019c5d5d-439f-704b-b14b-749f92ebaa37', 100, -5824, '2026-02-14 18:18:22.037784+00',  0.5415704832167999, 0.6224593312018546);
INSERT INTO public.transactions (id, user_id, market_id, asset_id, quantity, cash_flow, created_at, price_before, price_after) VALUES ('019c5d63-11d9-747b-ad33-51395116db17', '019c4e71-94a1-720c-b624-34f59cb746ff', '019c5d5d-4398-7868-874b-a6c16dc022cd', '019c5d5d-439f-704b-b14b-749f92ebaa37', 30, 1832, '2026-02-14 18:21:39.663926+00',  0.6224593312018546, 0.598687660112452);
INSERT INTO public.transactions (id, user_id, market_id, asset_id, quantity, cash_flow, created_at, price_before, price_after) VALUES ('019c5d6e-c65d-79f0-91ff-2d4f0a3244ec', '019c4e71-94a1-720c-b624-34f59cb746ff', '019c5d5d-4398-7868-874b-a6c16dc022cd', '019c5d5d-439f-704b-b14b-749f92ebaa37', 20, 1181, '2026-02-14 18:34:26.769315+00',  0.598687660112452, 0.5825702064623147);
INSERT INTO public.transactions (id, user_id, market_id, asset_id, quantity, cash_flow, created_at, price_before, price_after) VALUES ('019c5d70-6041-7449-bbfb-7ac4deaf4b53', '019c4e71-94a1-720c-b624-34f59cb746ff', '019c5d5d-4398-7868-874b-a6c16dc022cd', '019c5d5d-439f-704b-b14b-749f92ebaa37', 20, -1181, '2026-02-14 18:36:11.70626+00',  0.5825702064623147, 0.598687660112452);
INSERT INTO public.transactions (id, user_id, market_id, asset_id, quantity, cash_flow, created_at, price_before, price_after) VALUES ('019c5d70-85de-7bda-8870-3c7d42662bc6', '019c4e71-94a1-720c-b624-34f59cb746ff', '019c5d5d-4398-7868-874b-a6c16dc022cd', '019c5d5d-439f-704b-b14b-749f92ebaa37', 30, -1832, '2026-02-14 18:36:21.338165+00',  0.598687660112452, 0.6224593312018546);
INSERT INTO public.transactions (id, user_id, market_id, asset_id, quantity, cash_flow, created_at, price_before, price_after) VALUES ('019c5d70-dde3-7a08-8ea8-89fafe67b03c', '019c4e6c-9462-72e8-bcd9-ff925a4f0797', '019c5d5d-4398-7868-874b-a6c16dc022cd', '019c5d5d-439f-704b-b14b-749f92ebaa37', 100, 5824, '2026-02-14 18:36:43.86588+00',  0.6224593312018546, 0.5415704832167999);
INSERT INTO public.transactions (id, user_id, market_id, asset_id, quantity, cash_flow, created_at, price_before, price_after) VALUES ('019c5d71-5972-72d4-827e-98fe9c42549d', '019c4e71-94a1-720c-b624-34f59cb746ff', '019c5d5d-4398-7868-874b-a6c16dc022cd', '019c5d5d-439f-704b-b14b-749f92ebaa37', 50, 2604, '2026-02-14 18:37:15.498831+00',  0.5415704832167999, 0.5);
INSERT INTO public.transactions (id, user_id, market_id, asset_id, quantity, cash_flow, created_at, price_before, price_after) VALUES ('019c5d72-94d8-7029-86f6-bba697ae18ac', '019c4e71-94a1-720c-b624-34f59cb746ff', '019c5d5d-4398-7868-874b-a6c16dc022cd', '019c5d5d-439f-704b-b14b-749f92ebaa37', 50, -2604, '2026-02-14 18:38:36.227193+00',  0.5, 0.5415704832167999);
INSERT INTO public.transactions (id, user_id, market_id, asset_id, quantity, cash_flow, created_at, price_before, price_after) VALUES ('019c5d72-ee3a-7b01-9f1a-29031512304e', '019c4e6c-9462-72e8-bcd9-ff925a4f0797', '019c5d5d-4398-7868-874b-a6c16dc022cd', '019c5d5d-439f-704b-b14b-749f92ebaa37', 100, -5824, '2026-02-14 18:38:59.121315+00',  0.5415704832167999, 0.6224593312018546);
INSERT INTO public.transactions (id, user_id, market_id, asset_id, quantity, cash_flow, created_at, price_before, price_after) VALUES ('019c5d75-4223-7635-ac74-4a5e2eb563fb', '019c4e71-94a1-720c-b624-34f59cb746ff', '019c5d5d-4398-7868-874b-a6c16dc022cd', '019c5d5d-439f-704b-b14b-749f92ebaa37', 30, 1832, '2026-02-14 18:41:31.670484+00',  0.6224593312018546, 0.598687660112452);
INSERT INTO public.transactions (id, user_id, market_id, asset_id, quantity, cash_flow, created_at, price_before, price_after) VALUES ('019c5d77-aa3f-7087-8bb8-8010344e6ab0', '019c4e71-94a1-720c-b624-34f59cb746ff', '019c5d5d-4398-7868-874b-a6c16dc022cd', '019c5d5d-439f-704b-b14b-749f92ebaa37', 30, 1760, '2026-02-14 18:44:09.398341+00',  0.598687660112452, 0.574442516811659);
INSERT INTO public.transactions (id, user_id, market_id, asset_id, quantity, cash_flow, created_at, price_before, price_after) VALUES ('019c5d77-f4d5-75d1-a3fe-0e854a91e295', '019c4e71-94a1-720c-b624-34f59cb746ff', '019c5d5d-4398-7868-874b-a6c16dc022cd', '019c5d5d-439f-704b-b14b-749f92ebaa37', 30, -1760, '2026-02-14 18:44:28.487182+00',  0.574442516811659, 0.598687660112452);
INSERT INTO public.transactions (id, user_id, market_id, asset_id, quantity, cash_flow, created_at, price_before, price_after) VALUES ('019c5d78-0bd5-7e1f-aa45-6b54651d3d41', '019c4e71-94a1-720c-b624-34f59cb746ff', '019c5d5d-4398-7868-874b-a6c16dc022cd', '019c5d5d-439f-704b-b14b-749f92ebaa37', 20, 1181, '2026-02-14 18:44:34.38708+00',  0.598687660112452, 0.5825702064623147);
INSERT INTO public.transactions (id, user_id, market_id, asset_id, quantity, cash_flow, created_at, price_before, price_after) VALUES ('019c5d79-72f0-7dd0-8931-0cb667053a46', '019c4e6c-9462-72e8-bcd9-ff925a4f0797', '019c5d5d-4398-7868-874b-a6c16dc022cd', '019c5d5d-439f-704b-b14b-749f92ebaa37', 100, 5415, '2026-02-14 18:46:06.312477+00',  0.5825702064623147, 0.5);
INSERT INTO public.transactions (id, user_id, market_id, asset_id, quantity, cash_flow, created_at, price_before, price_after) VALUES ('019c5d7c-4124-7032-836b-e66daf6340f2', '019c4e71-94a1-720c-b624-34f59cb746ff', '019c5d5d-4398-7868-874b-a6c16dc022cd', '019c5d5d-43a1-742e-8818-b3928a76591c', 50, 2396, '2026-02-14 18:49:10.174361+00',  0.5, 0.45842951678320015);
INSERT INTO public.transactions (id, user_id, market_id, asset_id, quantity, cash_flow, created_at, price_before, price_after) VALUES ('019c5d7e-8c3d-7b6e-b4a6-a8330c76277b', '019c4e6c-9462-72e8-bcd9-ff925a4f0797', '019c5d5d-4398-7868-874b-a6c16dc022cd', '019c5d5d-43a1-742e-8818-b3928a76591c', 100, 4176, '2026-02-14 18:51:40.468302+00',  0.45842951678320015, 0.37754066879814546);
INSERT INTO public.transactions (id, user_id, market_id, asset_id, quantity, cash_flow, created_at, price_before, price_after) VALUES ('019c5d81-001e-7402-bbcc-e840c00f14e6', '019c4e71-94a1-720c-b624-34f59cb746ff', '019c5d5d-4398-7868-874b-a6c16dc022cd', '019c5d5d-43a1-742e-8818-b3928a76591c', 30, -1168, '2026-02-14 18:54:21.20671+00',  0.37754066879814546, 0.401312339887548);
INSERT INTO public.transactions (id, user_id, market_id, asset_id, quantity, cash_flow, created_at, price_before, price_after) VALUES ('019c5d86-c78f-730c-bc9d-05bccfe98096', '019c4e71-94a1-720c-b624-34f59cb746ff', '019c5d5d-4398-7868-874b-a6c16dc022cd', '019c5d5d-43a1-742e-8818-b3928a76591c', 20, -819, '2026-02-14 19:00:39.94133+00',  0.401312339887548, 0.41742979353768533);
INSERT INTO public.transactions (id, user_id, market_id, asset_id, quantity, cash_flow, created_at, price_before, price_after) VALUES ('019c5d88-64b3-7f73-b323-17c1325388f1', '019c4e6c-9462-72e8-bcd9-ff925a4f0797', '019c5d5d-4398-7868-874b-a6c16dc022cd', '019c5d5d-43a1-742e-8818-b3928a76591c', 100, -4585, '2026-02-14 19:02:25.703407+00',  0.41742979353768533, 0.5);
INSERT INTO public.transactions (id, user_id, market_id, asset_id, quantity, cash_flow, created_at, price_before, price_after) VALUES ('019c5d92-c6f6-7037-acdc-d88a6c3640ca', '019c4e71-94a1-720c-b624-34f59cb746ff', '019c5d92-952a-79a6-a7a6-14c5594d3ad4', '019c5d92-9534-794c-b758-64f7f3958584', 100, -5415, '2026-02-14 19:13:46.21444+00',  0.5, 0.5825702064623147);
INSERT INTO public.transactions (id, user_id, market_id, asset_id, quantity, cash_flow, created_at, price_before, price_after) VALUES ('019c5d93-4b63-7b92-93e3-8bb2f41fb7f3', '019c4e6c-9462-72e8-bcd9-ff925a4f0797', '019c5d92-952a-79a6-a7a6-14c5594d3ad4', '019c5d92-9534-794c-b758-64f7f3958584', 100, -6222, '2026-02-14 19:14:20.123576+00',  0.5825702064623147, 0.6607563687658172);
INSERT INTO public.transactions (id, user_id, market_id, asset_id, quantity, cash_flow, created_at, price_before, price_after) VALUES ('019c5d95-3413-71da-9be0-2a88f7474b74', '019c4e71-94a1-720c-b624-34f59cb746ff', '019c5d92-952a-79a6-a7a6-14c5594d3ad4', '019c5d92-9534-794c-b758-64f7f3958584', 50, 3209, '2026-02-14 19:16:25.22378+00',  0.6607563687658172, 0.6224593312018546);
INSERT INTO public.transactions (id, user_id, market_id, asset_id, quantity, cash_flow, created_at, price_before, price_after) VALUES ('019c5d98-5b3c-749e-9f34-5962717b1faa', '019c4e71-94a1-720c-b624-34f59cb746ff', '019c5d92-952a-79a6-a7a6-14c5594d3ad4', '019c5d92-9534-794c-b758-64f7f3958584', 50, 3013, '2026-02-14 19:19:51.857844+00',  0.6224593312018546, 0.5825702064623147);
INSERT INTO public.transactions (id, user_id, market_id, asset_id, quantity, cash_flow, created_at, price_before, price_after) VALUES ('019c5d9b-2bb1-73c0-a6a8-5589ba537e84', '019c4e6c-9462-72e8-bcd9-ff925a4f0797', '019c5d92-952a-79a6-a7a6-14c5594d3ad4', '019c5d92-9534-794c-b758-64f7f3958584', 100, 5415, '2026-02-14 19:22:56.292233+00',  0.5825702064623147, 0.5);
INSERT INTO public.transactions (id, user_id, market_id, asset_id, quantity, cash_flow, created_at, price_before, price_after) VALUES ('019c5e4b-bfc6-7c0b-8c2c-aaff270c9586', '019c4e71-94a1-720c-b624-34f59cb746ff', '019c5d92-952a-79a6-a7a6-14c5594d3ad4', '019c5d92-9534-794c-b758-64f7f3958584', 100, 4585, '2026-02-14 22:35:48.53834+00',  0.5, 0.41742979353768533);
INSERT INTO public.transactions (id, user_id, market_id, asset_id, quantity, cash_flow, created_at, price_before, price_after) VALUES ('019c5e4c-6d2a-7de6-9b4f-0a508242b127', '019c4e6c-9462-72e8-bcd9-ff925a4f0797', '019c5d92-952a-79a6-a7a6-14c5594d3ad4', '019c5d92-9534-794c-b758-64f7f3958584', 100, 3778, '2026-02-14 22:36:32.922984+00',  0.41742979353768533, 0.33924363123418283);
INSERT INTO public.transactions (id, user_id, market_id, asset_id, quantity, cash_flow, created_at, price_before, price_after) VALUES ('019c5e4d-4e71-7e9f-a6c4-dd4eb9be484b', '019c4e71-94a1-720c-b624-34f59cb746ff', '019c5d92-952a-79a6-a7a6-14c5594d3ad4', '019c5d92-9534-794c-b758-64f7f3958584', 50, -1791, '2026-02-14 22:37:30.596392+00',  0.33924363123418283, 0.37754066879814546);
INSERT INTO public.transactions (id, user_id, market_id, asset_id, quantity, cash_flow, created_at, price_before, price_after) VALUES ('019c5e50-2336-7a63-8878-de31a24b3865', '019c4e71-94a1-720c-b624-34f59cb746ff', '019c5d92-952a-79a6-a7a6-14c5594d3ad4', '019c5d92-9534-794c-b758-64f7f3958584', 50, -1987, '2026-02-14 22:40:36.140393+00',  0.37754066879814546, 0.41742979353768533);
INSERT INTO public.transactions (id, user_id, market_id, asset_id, quantity, cash_flow, created_at, price_before, price_after) VALUES ('019c5e51-40d4-7777-b643-e8e7e2d108e2', '019c4e6c-9462-72e8-bcd9-ff925a4f0797', '019c5d92-952a-79a6-a7a6-14c5594d3ad4', '019c5d92-9534-794c-b758-64f7f3958584', 100, -4585, '2026-02-14 22:41:49.25822+00',  0.41742979353768533, 0.5);
INSERT INTO public.transactions (id, user_id, market_id, asset_id, quantity, cash_flow, created_at, price_before, price_after) VALUES ('019c5eca-8a83-7292-bc93-2afae159f024', '019c4e6c-9462-72e8-bcd9-ff925a4f0797', '019c5d92-952a-79a6-a7a6-14c5594d3ad4', '019c5d92-9535-7c7c-8051-cd49904d3e26', 100, -5415, '2026-02-15 00:54:17.968926+00',  0.5, 0.5825702064623147);
INSERT INTO public.transactions (id, user_id, market_id, asset_id, quantity, cash_flow, created_at, price_before, price_after) VALUES ('019c5eca-ca15-70fa-8538-3cd6bc916a3e', '019c4e71-94a1-720c-b624-34f59cb746ff', '019c5d92-952a-79a6-a7a6-14c5594d3ad4', '019c5d92-9535-7c7c-8051-cd49904d3e26', 100, -6222, '2026-02-15 00:54:34.250305+00',  0.5825702064623147, 0.6607563687658172);
INSERT INTO public.transactions (id, user_id, market_id, asset_id, quantity, cash_flow, created_at, price_before, price_after) VALUES ('019c5ece-089b-72bd-bac1-e77b524704ca', '019c4e71-94a1-720c-b624-34f59cb746ff', '019c5d92-952a-79a6-a7a6-14c5594d3ad4', '019c5d92-9535-7c7c-8051-cd49904d3e26', 100, 6222, '2026-02-15 00:58:06.860934+00',  0.6607563687658172, 0.5825702064623147);
INSERT INTO public.transactions (id, user_id, market_id, asset_id, quantity, cash_flow, created_at, price_before, price_after) VALUES ('019c5ed1-4a2d-7d19-b1f4-49733f7dc3e1', '019c4e6c-9462-72e8-bcd9-ff925a4f0797', '019c5d92-952a-79a6-a7a6-14c5594d3ad4', '019c5d92-9535-7c7c-8051-cd49904d3e26', 50, 2811, '2026-02-15 01:01:40.26128+00',  0.5825702064623147, 0.5415704832167999);
INSERT INTO public.transactions (id, user_id, market_id, asset_id, quantity, cash_flow, created_at, price_before, price_after) VALUES ('019c67ed-f05b-7507-be0b-bb898885ab76', '019c4e71-94a1-720c-b624-34f59cb746ff', '019c5d92-952a-79a6-a7a6-14c5594d3ad4', '019c5d92-9535-7c7c-8051-cd49904d3e26', 10, -546, '2026-02-16 19:29:32.745399+00',  0.5415704832167999, 0.549833997312478);
INSERT INTO public.transactions (id, user_id, market_id, asset_id, quantity, cash_flow, created_at, price_before, price_after) VALUES ('019c67fc-e9a7-7e5d-bd93-06bec5283534', '019c4e6c-9462-72e8-bcd9-ff925a4f0797', '019c5d92-952a-79a6-a7a6-14c5594d3ad4', '019c5d92-9535-7c7c-8051-cd49904d3e26', 50, 2646, '2026-02-16 19:45:54.077827+00',  0.549833997312478, 0.5083325618141193);
INSERT INTO public.transactions (id, user_id, market_id, asset_id, quantity, cash_flow, created_at, price_before, price_after) VALUES ('019c67fd-5b23-7f26-9b95-554d3fa62617', '019c4e6c-9462-72e8-bcd9-ff925a4f0797', '019c5408-4bef-7942-ba40-d76cb6c86159', '019c5408-4bf2-7db1-952a-d046f4f93b63', 240, -9852, '2026-02-16 19:46:23.135854+00',  0.31720061390658744, 0.5083325618141193);
INSERT INTO public.transactions (id, user_id, market_id, asset_id, quantity, cash_flow, created_at, price_before, price_after) VALUES ('019c680a-25e0-716a-b5d3-e172ce4830b8', '019c4e6c-9462-72e8-bcd9-ff925a4f0797', '019c5408-4bef-7942-ba40-d76cb6c86159', '019c5408-4bf2-7db1-952a-d046f4f93b63', 20, -1033, '2026-02-16 20:00:21.461286+00',  0.5083325618141193, 0.52497918747894);
INSERT INTO public.transactions (id, user_id, market_id, asset_id, quantity, cash_flow, created_at, price_before, price_after) VALUES ('019c680b-31ea-7a8a-9c2b-649d17b7227f', '019c4e6c-9462-72e8-bcd9-ff925a4f0797', '019c5408-4bef-7942-ba40-d76cb6c86159', '019c5408-4bf2-7db1-952a-d046f4f93b63', 30, 1537, '2026-02-16 20:01:30.087007+00',  0.52497918747894, 0.5);
INSERT INTO public.transactions (id, user_id, market_id, asset_id, quantity, cash_flow, created_at, price_before, price_after) VALUES ('019c685c-83ba-7061-bf9a-5f422926ecb3', '019c4e71-94a1-720c-b624-34f59cb746ff', '019c685b-e8f7-7e34-9de3-1974761e36b2', '019c685b-e8fd-7034-8f82-05e27c6433f6', 10, -504, '2026-02-16 21:30:19.44367+00',  0.5, 0.5083325618141193);
INSERT INTO public.transactions (id, user_id, market_id, asset_id, quantity, cash_flow, created_at, price_before, price_after) VALUES ('019c685c-dc7c-7530-b38a-ba92e1af73b7', '019c4e6c-9462-72e8-bcd9-ff925a4f0797', '019c685b-e8f7-7e34-9de3-1974761e36b2', '019c685b-e8fd-7034-8f82-05e27c6433f6', 20, -1033, '2026-02-16 21:30:42.167234+00',  0.5083325618141193, 0.52497918747894);
INSERT INTO public.transactions (id, user_id, market_id, asset_id, quantity, cash_flow, created_at, price_before, price_after) VALUES ('019c685d-a169-7407-9a85-800f76be9e00', '019c4e71-94a1-720c-b624-34f59cb746ff', '019c685b-e8f7-7e34-9de3-1974761e36b2', '019c685b-e8fd-7034-8f82-05e27c6433f6', 10, 521, '2026-02-16 21:31:32.578663+00',  0.52497918747894, 0.5166604965694114);
INSERT INTO public.transactions (id, user_id, market_id, asset_id, quantity, cash_flow, created_at, price_before, price_after) VALUES ('019c6895-f8e5-7eaf-8120-4a614ebb3508', '019c4e71-94a1-720c-b624-34f59cb746ff', '019c6860-1b39-7716-9b6d-3a2471b4edee', '019c6860-1b3e-7b7c-b0a3-c2930ee4028b', 10, -253, '2026-02-16 22:33:04.983649+00',  0.25, 0.25630193260355705);
INSERT INTO public.transactions (id, user_id, market_id, asset_id, quantity, cash_flow, created_at, price_before, price_after) VALUES ('019c6897-15b9-75f1-93a4-6bc7cf986c89', '019c4e71-94a1-720c-b624-34f59cb746ff', '019c6860-1b39-7716-9b6d-3a2471b4edee', '019c6860-1b41-76b1-bc28-1addb884f10f', 10, 245, '2026-02-16 22:34:17.902012+00',  0.24789935579881434, 0.24173686977226683);
INSERT INTO public.transactions (id, user_id, market_id, asset_id, quantity, cash_flow, created_at, price_before, price_after) VALUES ('019c68df-d779-7a30-a757-7ee9672a60b4', '019c4e71-94a1-720c-b624-34f59cb746ff', '019c6860-1b39-7716-9b6d-3a2471b4edee', '019c6860-1b3e-7b7c-b0a3-c2930ee4028b', 100, -2920, '2026-02-16 23:53:46.094606+00',  0.2584019934005054, 0.3271821682945644);
INSERT INTO public.transactions (id, user_id, market_id, asset_id, quantity, cash_flow, created_at, price_before, price_after) VALUES ('019c68e0-c15d-7b9c-871b-4b853332590c', '019c4e6c-9462-72e8-bcd9-ff925a4f0797', '019c6860-1b39-7716-9b6d-3a2471b4edee', '019c6860-1b41-70c8-b8e5-2bee12da0417', 100, -2577, '2026-02-16 23:54:45.974387+00',  0.22675053279609136, 0.2904049863616253);


ALTER TABLE public.transactions ENABLE TRIGGER ALL;


ALTER TABLE public.wallets DISABLE TRIGGER ALL;

INSERT INTO public.wallets (id, user_id, amount) VALUES ('019c4e71-94a2-74d3-b5e3-729fd70c26e4', '019c4e71-94a1-720c-b624-34f59cb746ff', 92166);
INSERT INTO public.wallets (id, user_id, amount) VALUES ('019c4e6c-9466-7a12-ab74-ca7218040012', '019c4e6c-9462-72e8-bcd9-ff925a4f0797', 86176);


ALTER TABLE public.wallets ENABLE TRIGGER ALL;


\unrestrict YJK1OmwUhEYaOpdjv0n7bcNn22EdlEW5Nfur0W43Mj7xo3E4Sfufxx0QoSvsDB1

